sample_type,label,max_drawdown
mercury_retrograde,MR_1995_001,-0.003996693858855815
random_same_length,MR_1995_001,-0.09800678425063514
random_same_length,MR_1995_001,-0.006067494393846573
random_same_length,MR_1995_001,-0.016652749054007043
random_same_length,MR_1995_001,-0.2290373623953813
random_same_length,MR_1995_001,-0.037295524434246996
random_same_length,MR_1995_001,-0.04070536086630083
random_same_length,MR_1995_001,-0.01833731373889924
random_same_length,MR_1995_001,-0.012567972757137502
random_same_length,MR_1995_001,-0.017168608004767938
random_same_length,MR_1995_001,-0.03650672143967415
random_same_length,MR_1995_001,-0.032773663222612326
random_same_length,MR_1995_001,-0.023750503295482117
random_same_length,MR_1995_001,-0.017714040190779934
random_same_length,MR_1995_001,-0.0437685612483345
random_same_length,MR_1995_001,-0.01781564061913521
random_same_length,MR_1995_001,-0.029292752911742603
random_same_length,MR_1995_001,-0.017852526697772375
random_same_length,MR_1995_001,-0.049329871695442784
random_same_length,MR_1995_001,-0.01207278294761116
random_same_length,MR_1995_001,-0.14548965435560546
mercury_retrograde,MR_1995_002,-0.014301668210778717
random_same_length,MR_1995_002,-0.011471189788493708
random_same_length,MR_1995_002,-0.007148935149106084
random_same_length,MR_1995_002,-0.06528533255693525
random_same_length,MR_1995_002,-0.009327278866265387
random_same_length,MR_1995_002,-0.013675504972140873
random_same_length,MR_1995_002,-0.036436323142079674
random_same_length,MR_1995_002,-0.06062814419767193
random_same_length,MR_1995_002,-0.030360319877536623
random_same_length,MR_1995_002,-0.006886302644093845
random_same_length,MR_1995_002,-0.12417356513886013
random_same_length,MR_1995_002,-0.1943579124684489
random_same_length,MR_1995_002,-0.033580440287360847
random_same_length,MR_1995_002,-0.030900867113795027
random_same_length,MR_1995_002,-0.055674990040111005
random_same_length,MR_1995_002,-0.046441265526410036
random_same_length,MR_1995_002,-0.00639911773190327
random_same_length,MR_1995_002,-0.04070536086630083
random_same_length,MR_1995_002,-0.01479100810740086
random_same_length,MR_1995_002,-0.02905014760623792
random_same_length,MR_1995_002,-0.0340834100199191
mercury_retrograde,MR_1995_003,-0.014252266979924988
random_same_length,MR_1995_003,-0.030349020661095127
random_same_length,MR_1995_003,-0.06738650420612258
random_same_length,MR_1995_003,-0.00811717185395111
random_same_length,MR_1995_003,-0.004924828647792312
random_same_length,MR_1995_003,-0.031202111245658082
random_same_length,MR_1995_003,-0.006708297825321674
random_same_length,MR_1995_003,-0.054775641092050575
random_same_length,MR_1995_003,-0.02455110099464375
random_same_length,MR_1995_003,-0.014893039628358085
random_same_length,MR_1995_003,-0.045846816089114006
random_same_length,MR_1995_003,-0.06002659384059961
random_same_length,MR_1995_003,-0.08007772854821504
random_same_length,MR_1995_003,-0.050092399407264065
random_same_length,MR_1995_003,-0.03258519115305114
random_same_length,MR_1995_003,-0.053582716301671995
random_same_length,MR_1995_003,-0.01596146988838787
random_same_length,MR_1995_003,-0.006317671600278185
random_same_length,MR_1995_003,-0.008518442411864946
random_same_length,MR_1995_003,-0.027349458371103252
random_same_length,MR_1995_003,-0.002911814656949452
mercury_retrograde,MR_1996_004,-0.00476197565176395
random_same_length,MR_1996_004,-0.009857168089190349
random_same_length,MR_1996_004,-0.015049171306638076
random_same_length,MR_1996_004,-0.0343620808222046
random_same_length,MR_1996_004,-0.023567493023827546
random_same_length,MR_1996_004,-0.04308503260274699
random_same_length,MR_1996_004,-0.020878648643104736
random_same_length,MR_1996_004,-0.019725723649118176
random_same_length,MR_1996_004,-0.007148935149106084
random_same_length,MR_1996_004,-0.011298015055544064
random_same_length,MR_1996_004,-0.04334403799778086
random_same_length,MR_1996_004,-0.015211822295583155
random_same_length,MR_1996_004,-0.08365451747731723
random_same_length,MR_1996_004,-0.04787022125235463
random_same_length,MR_1996_004,-0.04962333099394811
random_same_length,MR_1996_004,-0.006847477437932237
random_same_length,MR_1996_004,-0.017233475202623416
random_same_length,MR_1996_004,-0.021029077492242254
random_same_length,MR_1996_004,-0.033580440287360847
random_same_length,MR_1996_004,-0.006147829935223559
random_same_length,MR_1996_004,-0.07521799401688933
mercury_retrograde,MR_1996_005,-0.009255617760221768
random_same_length,MR_1996_005,-0.007136769710032631
random_same_length,MR_1996_005,-0.12728447940521503
random_same_length,MR_1996_005,-0.07165818413466718
random_same_length,MR_1996_005,-0.03660361503347831
random_same_length,MR_1996_005,-0.04134020017283424
random_same_length,MR_1996_005,-0.00811717185395111
random_same_length,MR_1996_005,-0.022123404781349332
random_same_length,MR_1996_005,-0.02410318567356029
random_same_length,MR_1996_005,-0.014157306164566674
random_same_length,MR_1996_005,-0.03660361503347831
random_same_length,MR_1996_005,-0.04908977997631381
random_same_length,MR_1996_005,-0.22372610183595698
random_same_length,MR_1996_005,-0.040060495837450305
random_same_length,MR_1996_005,-0.05861562496262873
random_same_length,MR_1996_005,-0.04730692459694963
random_same_length,MR_1996_005,-0.02327394234061797
random_same_length,MR_1996_005,-0.19345218185727364
random_same_length,MR_1996_005,-0.012880625830548498
random_same_length,MR_1996_005,-0.049451481498734906
random_same_length,MR_1996_005,-0.046733034675477514
mercury_retrograde,MR_1996_006,-0.0036697123268210063
random_same_length,MR_1996_006,-0.03660361503347831
random_same_length,MR_1996_006,-0.03527185569784819
random_same_length,MR_1996_006,-0.18384171549099393
random_same_length,MR_1996_006,-0.008463754031789561
random_same_length,MR_1996_006,-0.005780822450430323
random_same_length,MR_1996_006,-0.026439280826049072
random_same_length,MR_1996_006,-0.013675504972140873
random_same_length,MR_1996_006,-0.04111783561104876
random_same_length,MR_1996_006,-0.05035023597191002
random_same_length,MR_1996_006,-0.00775459140290502
random_same_length,MR_1996_006,-0.04110312075553535
random_same_length,MR_1996_006,-0.013675504972140873
random_same_length,MR_1996_006,-0.04081295919400363
random_same_length,MR_1996_006,-0.024964023066834873
random_same_length,MR_1996_006,-0.038756789747388054
random_same_length,MR_1996_006,-0.03927266925611961
random_same_length,MR_1996_006,-0.03398950696744918
random_same_length,MR_1996_006,-0.046733034675477514
random_same_length,MR_1996_006,-0.10367420789946213
random_same_length,MR_1996_006,-0.044667527258537953
mercury_retrograde,MR_1996_007,-0.026136667815392367
random_same_length,MR_1996_007,-0.12615733207225843
random_same_length,MR_1996_007,-0.0344331280011857
random_same_length,MR_1996_007,-0.016652749054007043
random_same_length,MR_1996_007,-0.008098056110305896
random_same_length,MR_1996_007,-0.00926595136201136
random_same_length,MR_1996_007,-0.02213858436848437
random_same_length,MR_1996_007,-0.012201384460034048
random_same_length,MR_1996_007,-0.11297318168872572
random_same_length,MR_1996_007,-0.006355361156555994
random_same_length,MR_1996_007,-0.009354426551109074
random_same_length,MR_1996_007,-0.02213858436848437
random_same_length,MR_1996_007,-0.07636691132203388
random_same_length,MR_1996_007,-0.03903431139608626
random_same_length,MR_1996_007,-0.02775130649313562
random_same_length,MR_1996_007,-0.019162024044093506
random_same_length,MR_1996_007,-0.02786203342292426
random_same_length,MR_1996_007,-0.00934837340624417
random_same_length,MR_1996_007,-0.0074196634539678286
random_same_length,MR_1996_007,-0.014799936551350257
random_same_length,MR_1996_007,-0.0878694586498251
mercury_retrograde,MR_1997_008,-0.01766850533955633
random_same_length,MR_1997_008,-0.02979253549421801
random_same_length,MR_1997_008,-0.01903426031711075
random_same_length,MR_1997_008,-0.02008455608940507
random_same_length,MR_1997_008,-0.04815473616313104
random_same_length,MR_1997_008,-0.025821825694385292
random_same_length,MR_1997_008,-0.04022590812113669
random_same_length,MR_1997_008,-0.0314460464269497
random_same_length,MR_1997_008,-0.03402791822279749
random_same_length,MR_1997_008,-0.035772931132549535
random_same_length,MR_1997_008,-0.0031562949349001057
random_same_length,MR_1997_008,-0.005051568068462853
random_same_length,MR_1997_008,-0.014532317014412599
random_same_length,MR_1997_008,-0.048267867679132825
random_same_length,MR_1997_008,-0.02884987225389324
random_same_length,MR_1997_008,-0.0295942806915922
random_same_length,MR_1997_008,-0.04331532887684042
random_same_length,MR_1997_008,-0.011040402606609656
random_same_length,MR_1997_008,-0.03259253479594537
random_same_length,MR_1997_008,-0.022922850385917903
random_same_length,MR_1997_008,-0.05985739946907853
mercury_retrograde,MR_1997_009,-0.042454895320497066
random_same_length,MR_1997_009,-0.06654953935095576
random_same_length,MR_1997_009,-0.014792922688822818
random_same_length,MR_1997_009,-0.07112519254449134
random_same_length,MR_1997_009,-0.010503825972029146
random_same_length,MR_1997_009,-0.0494260442027451
random_same_length,MR_1997_009,-0.039038220257288425
random_same_length,MR_1997_009,-0.00917686075463342
random_same_length,MR_1997_009,-0.1118850292081357
random_same_length,MR_1997_009,-0.020894691793283293
random_same_length,MR_1997_009,-0.015764268268834702
random_same_length,MR_1997_009,-0.024000225413476572
random_same_length,MR_1997_009,-0.03903431139608626
random_same_length,MR_1997_009,-0.02162146111508667
random_same_length,MR_1997_009,-0.01724398699465124
random_same_length,MR_1997_009,-0.03074848771789984
random_same_length,MR_1997_009,-0.051411175128372455
random_same_length,MR_1997_009,-0.013890619234714352
random_same_length,MR_1997_009,-0.06576000317941222
random_same_length,MR_1997_009,-0.01646322377571363
random_same_length,MR_1997_009,-0.01564701936101387
mercury_retrograde,MR_1997_010,-0.044149312136349206
random_same_length,MR_1997_010,-0.016148008377126266
random_same_length,MR_1997_010,-0.06632384549346182
random_same_length,MR_1997_010,-0.043039960791682486
random_same_length,MR_1997_010,-0.03074848771789984
random_same_length,MR_1997_010,-0.028819473359129044
random_same_length,MR_1997_010,-0.030009615306130777
random_same_length,MR_1997_010,-0.025886057902243964
random_same_length,MR_1997_010,-0.011442835732714873
random_same_length,MR_1997_010,-0.07083304016365088
random_same_length,MR_1997_010,-0.009837419314923102
random_same_length,MR_1997_010,-0.022471646038970894
random_same_length,MR_1997_010,-0.05452252398450652
random_same_length,MR_1997_010,-0.012576216507389826
random_same_length,MR_1997_010,-0.048236446039114145
random_same_length,MR_1997_010,-0.020288612715960386
random_same_length,MR_1997_010,-0.03962895899397534
random_same_length,MR_1997_010,-0.041609363892517015
random_same_length,MR_1997_010,-0.046037349218386536
random_same_length,MR_1997_010,-0.023316896954380995
random_same_length,MR_1997_010,-0.04792032944829139
mercury_retrograde,MR_1998_011,-0.01874937888421624
random_same_length,MR_1998_011,-0.01686465822141714
random_same_length,MR_1998_011,-0.021921267591338167
random_same_length,MR_1998_011,-0.028819473359129044
random_same_length,MR_1998_011,-0.010061679602712648
random_same_length,MR_1998_011,-0.04987998295379603
random_same_length,MR_1998_011,-0.02845764936856876
random_same_length,MR_1998_011,-0.12924155513757196
random_same_length,MR_1998_011,-0.026960270776822948
random_same_length,MR_1998_011,-0.015842172169874602
random_same_length,MR_1998_011,-0.04186280766140382
random_same_length,MR_1998_011,-0.035231469800648285
random_same_length,MR_1998_011,-0.013890619234714352
random_same_length,MR_1998_011,-0.04052404767701079
random_same_length,MR_1998_011,-0.05565791042037227
random_same_length,MR_1998_011,-0.10159530548956275
random_same_length,MR_1998_011,-0.024963638280509293
random_same_length,MR_1998_011,-0.012201384460034048
random_same_length,MR_1998_011,-0.03766597257115534
random_same_length,MR_1998_011,-0.13852577277513412
random_same_length,MR_1998_011,-0.008274894412167333
mercury_retrograde,MR_1998_012,-0.044667527258537953
random_same_length,MR_1998_012,-0.049329871695442784
random_same_length,MR_1998_012,-0.04278974468970964
random_same_length,MR_1998_012,-0.008484273204814374
random_same_length,MR_1998_012,-0.018113470915933294
random_same_length,MR_1998_012,-0.022314338384895493
random_same_length,MR_1998_012,-0.039209498147412924
random_same_length,MR_1998_012,-0.04065643912372796
random_same_length,MR_1998_012,-0.028146085065056226
random_same_length,MR_1998_012,-0.022363878081596122
random_same_length,MR_1998_012,-0.0599805203421967
random_same_length,MR_1998_012,-0.021797630473245233
random_same_length,MR_1998_012,-0.011695818978382344
random_same_length,MR_1998_012,-0.005053763956545887
random_same_length,MR_1998_012,-0.06738650420612258
random_same_length,MR_1998_012,-0.039212237900728364
random_same_length,MR_1998_012,-0.003038961131093032
random_same_length,MR_1998_012,-0.011509507575225841
random_same_length,MR_1998_012,-0.037295524434246996
random_same_length,MR_1998_012,-0.007054639376351202
random_same_length,MR_1998_012,-0.00959800962597801
mercury_retrograde,MR_1998_013,-0.03538445141968316
random_same_length,MR_1998_013,-0.030632740074721054
random_same_length,MR_1998_013,-0.020932674991784195
random_same_length,MR_1998_013,-0.02201950270651909
random_same_length,MR_1998_013,-0.012492897726459007
random_same_length,MR_1998_013,-0.022556874675647598
random_same_length,MR_1998_013,-0.02252519051831048
random_same_length,MR_1998_013,-0.01580485144054422
random_same_length,MR_1998_013,-0.07732707149243478
random_same_length,MR_1998_013,-0.026439280826049072
random_same_length,MR_1998_013,-0.024932028015115515
random_same_length,MR_1998_013,-0.00759532145355013
random_same_length,MR_1998_013,-0.08140490303348902
random_same_length,MR_1998_013,-0.025219256373451904
random_same_length,MR_1998_013,-0.021029077492242254
random_same_length,MR_1998_013,-0.032060226679016646
random_same_length,MR_1998_013,-0.06394929347413658
random_same_length,MR_1998_013,-0.014893039628358085
random_same_length,MR_1998_013,-0.01874937888421624
random_same_length,MR_1998_013,-0.015862145960052088
random_same_length,MR_1998_013,-0.030818182700585894
mercury_retrograde,MR_1999_014,-0.04132773701092374
random_same_length,MR_1999_014,-0.005922425492665528
random_same_length,MR_1999_014,-0.06287690053123285
random_same_length,MR_1999_014,-0.01478752373022263
random_same_length,MR_1999_014,-0.01979155193373494
random_same_length,MR_1999_014,-0.012485456268501505
random_same_length,MR_1999_014,-0.011149947134073246
random_same_length,MR_1999_014,-0.13852577277513412
random_same_length,MR_1999_014,-0.014799936551350257
random_same_length,MR_1999_014,-0.019653486300597045
random_same_length,MR_1999_014,-0.003708760911961373
random_same_length,MR_1999_014,-0.01946852724251702
random_same_length,MR_1999_014,-0.015764268268834702
random_same_length,MR_1999_014,-0.06632384549346182
random_same_length,MR_1999_014,-0.02482517373944415
random_same_length,MR_1999_014,-0.039375151889503246
random_same_length,MR_1999_014,-0.013136009612691457
random_same_length,MR_1999_014,-0.035141303570489835
random_same_length,MR_1999_014,-0.012503712568661784
random_same_length,MR_1999_014,-0.026976789825357006
random_same_length,MR_1999_014,-0.06196893672083359
mercury_retrograde,MR_1999_015,-0.08351540604437235
random_same_length,MR_1999_015,-0.02008455608940507
random_same_length,MR_1999_015,-0.016126534744455467
random_same_length,MR_1999_015,-0.09032065062760553
random_same_length,MR_1999_015,-0.09114344060799795
random_same_length,MR_1999_015,-0.15257271907236514
random_same_length,MR_1999_015,-0.016148008377126266
random_same_length,MR_1999_015,-0.07165818413466718
random_same_length,MR_1999_015,-0.010430684796277734
random_same_length,MR_1999_015,-0.0124780022540123
random_same_length,MR_1999_015,-0.02806468784310845
random_same_length,MR_1999_015,-0.04800734623283898
random_same_length,MR_1999_015,-0.02845764936856876
random_same_length,MR_1999_015,-0.02178342845217529
random_same_length,MR_1999_015,-0.007988104862742484
random_same_length,MR_1999_015,-0.01029366982709512
random_same_length,MR_1999_015,-0.02090774493578873
random_same_length,MR_1999_015,-0.017733277845877526
random_same_length,MR_1999_015,-0.25884596484915945
random_same_length,MR_1999_015,-0.010344584102318533
random_same_length,MR_1999_015,-0.009765395833420065
mercury_retrograde,MR_1999_016,-0.014246163061285788
random_same_length,MR_1999_016,-0.027883376047488584
random_same_length,MR_1999_016,-0.01912643951129467
random_same_length,MR_1999_016,-0.0008743023990606114
random_same_length,MR_1999_016,-0.023508472049782347
random_same_length,MR_1999_016,-0.004947922948427275
random_same_length,MR_1999_016,-0.030632740074721054
random_same_length,MR_1999_016,-0.02434321296950326
random_same_length,MR_1999_016,-0.05023025362361
random_same_length,MR_1999_016,-0.012003029190539971
random_same_length,MR_1999_016,-0.0370168570996664
random_same_length,MR_1999_016,-0.028188196523284192
random_same_length,MR_1999_016,-0.031021905387579984
random_same_length,MR_1999_016,-0.1000384271479785
random_same_length,MR_1999_016,-0.011756220857560562
random_same_length,MR_1999_016,-0.08796093445729658
random_same_length,MR_1999_016,-0.03771992121930001
random_same_length,MR_1999_016,-0.007822522870119086
random_same_length,MR_1999_016,-0.003972484039719171
random_same_length,MR_1999_016,-0.013478359436903342
random_same_length,MR_1999_016,-0.011560763746298108
mercury_retrograde,MR_2000_017,-0.03800112630708408
random_same_length,MR_2000_017,-0.02694859529013005
random_same_length,MR_2000_017,-0.03246481531174805
random_same_length,MR_2000_017,-0.03977475384036655
random_same_length,MR_2000_017,-0.04333922234547616
random_same_length,MR_2000_017,-0.023750503295482117
random_same_length,MR_2000_017,-0.044852120826751496
random_same_length,MR_2000_017,-0.05656296266145877
random_same_length,MR_2000_017,-0.03398950696744918
random_same_length,MR_2000_017,-0.030632740074721054
random_same_length,MR_2000_017,-0.04081295919400363
random_same_length,MR_2000_017,-0.022363878081596122
random_same_length,MR_2000_017,-0.007148935149106084
random_same_length,MR_2000_017,-0.02282832567272708
random_same_length,MR_2000_017,-0.014754827521051062
random_same_length,MR_2000_017,-0.037518097648120086
random_same_length,MR_2000_017,-0.03701298803768993
random_same_length,MR_2000_017,-0.0729576321910187
random_same_length,MR_2000_017,-0.009554473518865292
random_same_length,MR_2000_017,-0.03420085147865082
random_same_length,MR_2000_017,-0.021853501894386507
mercury_retrograde,MR_2000_018,-0.015862145960052088
random_same_length,MR_2000_018,-0.009354426551109074
random_same_length,MR_2000_018,-0.01612600520646068
random_same_length,MR_2000_018,-0.010944667736138669
random_same_length,MR_2000_018,-0.0274830670741828
random_same_length,MR_2000_018,-0.019725723649118176
random_same_length,MR_2000_018,-0.09035484522497794
random_same_length,MR_2000_018,-0.02396418669811673
random_same_length,MR_2000_018,-0.01911191118539224
random_same_length,MR_2000_018,-0.05014565567851659
random_same_length,MR_2000_018,-0.03800112630708408
random_same_length,MR_2000_018,-0.09603541776714752
random_same_length,MR_2000_018,-0.02429099170073379
random_same_length,MR_2000_018,-0.012011568021868757
random_same_length,MR_2000_018,-0.04908977997631381
random_same_length,MR_2000_018,-0.026960270776822948
random_same_length,MR_2000_018,-0.025821825694385292
random_same_length,MR_2000_018,-0.06632384549346182
random_same_length,MR_2000_018,-0.06432429233590853
random_same_length,MR_2000_018,-0.03418867874438691
random_same_length,MR_2000_018,-0.0312970600453546
mercury_retrograde,MR_2000_019,-0.024096517032682008
random_same_length,MR_2000_019,-0.008561024934316985
random_same_length,MR_2000_019,-0.03582996088290591
random_same_length,MR_2000_019,-0.038328085135533874
random_same_length,MR_2000_019,-0.02455110099464375
random_same_length,MR_2000_019,-0.12405174481188597
random_same_length,MR_2000_019,-0.022762345961115593
random_same_length,MR_2000_019,-0.04334403799778086
random_same_length,MR_2000_019,-0.012003029190539971
random_same_length,MR_2000_019,-0.009765395833420065
random_same_length,MR_2000_019,-0.018974501239482744
random_same_length,MR_2000_019,-0.00660614672274995
random_same_length,MR_2000_019,-0.04331532887684042
random_same_length,MR_2000_019,-0.06808001122847407
random_same_length,MR_2000_019,-0.00784800856678991
random_same_length,MR_2000_019,-0.05642412447628098
random_same_length,MR_2000_019,-0.03401202080457255
random_same_length,MR_2000_019,-0.10159530548956275
random_same_length,MR_2000_019,-0.015889251056401266
random_same_length,MR_2000_019,-0.005280026754758582
random_same_length,MR_2000_019,-0.03036330550233257
mercury_retrograde,MR_2001_020,-0.08007772854821504
random_same_length,MR_2001_020,-0.007227744847586148
random_same_length,MR_2001_020,-0.01911191118539224
random_same_length,MR_2001_020,-0.04248636509769299
random_same_length,MR_2001_020,-0.08448697916213344
random_same_length,MR_2001_020,-0.036760488293032356
random_same_length,MR_2001_020,-0.020438092707149136
random_same_length,MR_2001_020,-0.031202111245658082
random_same_length,MR_2001_020,-0.027128487346559593
random_same_length,MR_2001_020,-0.06351176403407166
random_same_length,MR_2001_020,-0.015165359247206966
random_same_length,MR_2001_020,-0.015889251056401266
random_same_length,MR_2001_020,-0.007850896073774427
random_same_length,MR_2001_020,-0.035697789596499274
random_same_length,MR_2001_020,-0.012332078852067663
random_same_length,MR_2001_020,-0.003038961131093032
random_same_length,MR_2001_020,-0.045993385451217006
random_same_length,MR_2001_020,-0.024143630717334053
random_same_length,MR_2001_020,-0.09239142733525607
random_same_length,MR_2001_020,-0.020150954880819083
random_same_length,MR_2001_020,-0.02282832567272708
mercury_retrograde,MR_2001_021,-0.05853977244899078
random_same_length,MR_2001_021,-0.008707517542448917
random_same_length,MR_2001_021,-0.045412806815820606
random_same_length,MR_2001_021,-0.02694859529013005
random_same_length,MR_2001_021,-0.012806715488924203
random_same_length,MR_2001_021,-0.04290054654733788
random_same_length,MR_2001_021,-0.01564701936101387
random_same_length,MR_2001_021,-0.0295942806915922
random_same_length,MR_2001_021,-0.05005710403637864
random_same_length,MR_2001_021,-0.05464426843494352
random_same_length,MR_2001_021,-0.015678615300422583
random_same_length,MR_2001_021,-0.029959636292900438
random_same_length,MR_2001_021,-0.03835802506222996
random_same_length,MR_2001_021,-0.01877014098646934
random_same_length,MR_2001_021,-0.03666264256401586
random_same_length,MR_2001_021,-0.017886815533049605
random_same_length,MR_2001_021,-0.014893039628358085
random_same_length,MR_2001_021,-0.026960270776822948
random_same_length,MR_2001_021,-0.020438092707149136
random_same_length,MR_2001_021,-0.03673507391803865
random_same_length,MR_2001_021,-0.038756789747388054
mercury_retrograde,MR_2001_022,-0.026358996192657358
random_same_length,MR_2001_022,-0.016696720631691142
random_same_length,MR_2001_022,-0.017878144334811608
random_same_length,MR_2001_022,-0.02475673039503723
random_same_length,MR_2001_022,-0.011149947134073246
random_same_length,MR_2001_022,-0.0494260442027451
random_same_length,MR_2001_022,-0.03527185569784819
random_same_length,MR_2001_022,-0.024391082077444004
random_same_length,MR_2001_022,-0.2852031811628635
random_same_length,MR_2001_022,-0.023584276873189647
random_same_length,MR_2001_022,-0.003993321209064926
random_same_length,MR_2001_022,-0.02252519051831048
random_same_length,MR_2001_022,-0.036670805943343154
random_same_length,MR_2001_022,-0.01912643951129467
random_same_length,MR_2001_022,-0.0282830349288975
random_same_length,MR_2001_022,-0.0295942806915922
random_same_length,MR_2001_022,-0.03538445141968316
random_same_length,MR_2001_022,-0.03602711340802944
random_same_length,MR_2001_022,-0.016696720631691142
random_same_length,MR_2001_022,-0.025251202485537583
random_same_length,MR_2001_022,-0.02660881386366043
mercury_retrograde,MR_2002_023,-0.04686395593198067
random_same_length,MR_2002_023,-0.008572555644746127
random_same_length,MR_2002_023,-0.01478752373022263
random_same_length,MR_2002_023,-0.03666264256401586
random_same_length,MR_2002_023,-0.0874080095403531
random_same_length,MR_2002_023,-0.005122452280258649
random_same_length,MR_2002_023,-0.011509507575225841
random_same_length,MR_2002_023,-0.007380688507586219
random_same_length,MR_2002_023,-0.03664696978795501
random_same_length,MR_2002_023,-0.025036495050038576
random_same_length,MR_2002_023,-0.008887605310606284
random_same_length,MR_2002_023,-0.020288612715960386
random_same_length,MR_2002_023,-0.01641946281560769
random_same_length,MR_2002_023,-0.04290054654733788
random_same_length,MR_2002_023,-0.023584276873189647
random_same_length,MR_2002_023,-0.019570923054502698
random_same_length,MR_2002_023,-0.04081295919400363
random_same_length,MR_2002_023,-0.045361489038858505
random_same_length,MR_2002_023,-0.0015011590075549863
random_same_length,MR_2002_023,-0.040060495837450305
random_same_length,MR_2002_023,-0.024000225413476572
mercury_retrograde,MR_2002_024,-0.07144465336338968
random_same_length,MR_2002_024,-0.007550806889900619
random_same_length,MR_2002_024,-0.030632740074721054
random_same_length,MR_2002_024,-0.0312970600453546
random_same_length,MR_2002_024,-0.05570884540253007
random_same_length,MR_2002_024,-0.006330626076692436
random_same_length,MR_2002_024,-0.12135493032764266
random_same_length,MR_2002_024,-0.025886057902243964
random_same_length,MR_2002_024,-0.0033804153149811222
random_same_length,MR_2002_024,-0.050542134816398576
random_same_length,MR_2002_024,-0.020390749517536166
random_same_length,MR_2002_024,-0.036670805943343154
random_same_length,MR_2002_024,-0.2601043851078366
random_same_length,MR_2002_024,-0.037295524434246996
random_same_length,MR_2002_024,-0.035141303570489835
random_same_length,MR_2002_024,-0.009354426551109074
random_same_length,MR_2002_024,-0.06122556998296669
random_same_length,MR_2002_024,-0.028768596622478992
random_same_length,MR_2002_024,-0.017886815533049605
random_same_length,MR_2002_024,-0.011509507575225841
random_same_length,MR_2002_024,-0.0370168570996664
mercury_retrograde,MR_2002_025,-0.11875204711960763
random_same_length,MR_2002_025,-0.02327394234061797
random_same_length,MR_2002_025,-0.014754827521051062
random_same_length,MR_2002_025,-0.05149606696688258
random_same_length,MR_2002_025,-0.005780822450430323
random_same_length,MR_2002_025,-0.04787022125235463
random_same_length,MR_2002_025,-0.06990615243594844
random_same_length,MR_2002_025,-0.020894691793283293
random_same_length,MR_2002_025,-0.0672151380201561
random_same_length,MR_2002_025,-0.11297318168872572
random_same_length,MR_2002_025,-0.01168060658714487
random_same_length,MR_2002_025,-0.020390749517536166
random_same_length,MR_2002_025,-0.04920503217294914
random_same_length,MR_2002_025,-0.01402152728542383
random_same_length,MR_2002_025,-0.012283965744147807
random_same_length,MR_2002_025,-0.01032161334912074
random_same_length,MR_2002_025,-0.04621489902682585
random_same_length,MR_2002_025,-0.1000384271479785
random_same_length,MR_2002_025,-0.00784800856678991
random_same_length,MR_2002_025,-0.01701316420388077
random_same_length,MR_2002_025,-0.025178247914576235
mercury_retrograde,MR_2003_026,-0.05720970024403971
random_same_length,MR_2003_026,-0.06824029019296407
random_same_length,MR_2003_026,-0.01645642667345404
random_same_length,MR_2003_026,-0.08916197962099925
random_same_length,MR_2003_026,-0.04920503217294914
random_same_length,MR_2003_026,-0.017663443175954474
random_same_length,MR_2003_026,-0.054426862680349686
random_same_length,MR_2003_026,-0.044015476186780256
random_same_length,MR_2003_026,-0.027286930512098406
random_same_length,MR_2003_026,-0.016764487463889255
random_same_length,MR_2003_026,-0.05610322384632094
random_same_length,MR_2003_026,-0.03937584960825058
random_same_length,MR_2003_026,-0.015889251056401266
random_same_length,MR_2003_026,-0.040060495837450305
random_same_length,MR_2003_026,-0.007969132154236114
random_same_length,MR_2003_026,-0.01739421813759956
random_same_length,MR_2003_026,-0.04018438280930803
random_same_length,MR_2003_026,-0.05749797267793655
random_same_length,MR_2003_026,-0.01391174053276889
random_same_length,MR_2003_026,-0.017233475202623416
random_same_length,MR_2003_026,-0.037587980135401655
mercury_retrograde,MR_2003_027,-0.02845764936856876
random_same_length,MR_2003_027,-0.01224500432787623
random_same_length,MR_2003_027,-0.03559058193967146
random_same_length,MR_2003_027,-0.006853402713194456
random_same_length,MR_2003_027,-0.05639478895554584
random_same_length,MR_2003_027,-0.029747514485381488
random_same_length,MR_2003_027,-0.02282832567272708
random_same_length,MR_2003_027,-0.009857168089190349
random_same_length,MR_2003_027,-0.05005710403637864
random_same_length,MR_2003_027,-0.0144936954338728
random_same_length,MR_2003_027,-0.008083839306732843
random_same_length,MR_2003_027,-0.025443489115199225
random_same_length,MR_2003_027,-0.030349020661095127
random_same_length,MR_2003_027,-0.025285211102304528
random_same_length,MR_2003_027,-0.00997450002544753
random_same_length,MR_2003_027,-0.011538744820964397
random_same_length,MR_2003_027,-0.015165359247206966
random_same_length,MR_2003_027,-0.04278974468970964
random_same_length,MR_2003_027,-0.130693723443997
random_same_length,MR_2003_027,-0.04413924849814055
random_same_length,MR_2003_027,-0.00858946247207093
mercury_retrograde,MR_2003_028,-0.02008455608940507
random_same_length,MR_2003_028,-0.0183082438376565
random_same_length,MR_2003_028,-0.012412263159452208
random_same_length,MR_2003_028,-0.07868311097397895
random_same_length,MR_2003_028,-0.025454168524588483
random_same_length,MR_2003_028,-0.014754157903199783
random_same_length,MR_2003_028,-0.009411056951561969
random_same_length,MR_2003_028,-0.06011146564698189
random_same_length,MR_2003_028,-0.005656100290126975
random_same_length,MR_2003_028,-0.05566614382830304
random_same_length,MR_2003_028,-0.023167753743008168
random_same_length,MR_2003_028,-0.2567927817906899
random_same_length,MR_2003_028,-0.013956277330703482
random_same_length,MR_2003_028,-0.01479100810740086
random_same_length,MR_2003_028,-0.024564342132025296
random_same_length,MR_2003_028,-0.024753015810120127
random_same_length,MR_2003_028,-0.002690583513671685
random_same_length,MR_2003_028,-0.07794650180721518
random_same_length,MR_2003_028,-0.10227636321041289
random_same_length,MR_2003_028,-0.0030228605633046968
random_same_length,MR_2003_028,-0.017273744214444053
mercury_retrograde,MR_2003_029,-0.003093804716710058
random_same_length,MR_2003_029,-0.05198852866366488
random_same_length,MR_2003_029,-0.015593015486239259
random_same_length,MR_2003_029,-0.06824996542737549
random_same_length,MR_2003_029,-0.050116171166054935
random_same_length,MR_2003_029,-0.02077788695478977
random_same_length,MR_2003_029,-0.04153733248178271
random_same_length,MR_2003_029,-0.01212918684784503
random_same_length,MR_2003_029,-0.05149606696688258
random_same_length,MR_2003_029,-0.008907128227709782
random_same_length,MR_2003_029,-0.007245561388722899
random_same_length,MR_2003_029,-0.010852972899597413
random_same_length,MR_2003_029,-0.05101557164478776
random_same_length,MR_2003_029,-0.0235042976526032
random_same_length,MR_2003_029,-0.026275674698055917
random_same_length,MR_2003_029,-0.006330626076692436
random_same_length,MR_2003_029,-0.00784800856678991
random_same_length,MR_2003_029,-0.01979155193373494
random_same_length,MR_2003_029,-0.055173932052605346
random_same_length,MR_2003_029,-0.016021581390292527
random_same_length,MR_2003_029,-0.009234461884286893
mercury_retrograde,MR_2004_030,-0.03309457209194544
random_same_length,MR_2004_030,-0.05193178113356678
random_same_length,MR_2004_030,-0.014824039911984
random_same_length,MR_2004_030,-0.023975547977930334
random_same_length,MR_2004_030,-0.03166933629499635
random_same_length,MR_2004_030,-0.025325355950978734
random_same_length,MR_2004_030,-0.01641946281560769
random_same_length,MR_2004_030,-0.007623328862214396
random_same_length,MR_2004_030,-0.007301477592359662
random_same_length,MR_2004_030,-0.021383406163756224
random_same_length,MR_2004_030,-0.02084526022982036
random_same_length,MR_2004_030,-0.03007632395231863
random_same_length,MR_2004_030,-0.020034377014737315
random_same_length,MR_2004_030,-0.18350423943764038
random_same_length,MR_2004_030,-0.006922279936861564
random_same_length,MR_2004_030,-0.02694859529013005
random_same_length,MR_2004_030,-0.12755782942204108
random_same_length,MR_2004_030,-0.028146085065056226
random_same_length,MR_2004_030,-0.028877697476282327
random_same_length,MR_2004_030,-0.011744702428869158
random_same_length,MR_2004_030,-0.008907128227709782
mercury_retrograde,MR_2004_031,-0.011675195100984137
random_same_length,MR_2004_031,-0.008988392160571124
random_same_length,MR_2004_031,-0.04186280766140382
random_same_length,MR_2004_031,-0.036670805943343154
random_same_length,MR_2004_031,-0.02859255693275997
random_same_length,MR_2004_031,-0.01912643951129467
random_same_length,MR_2004_031,-0.05198852866366488
random_same_length,MR_2004_031,-0.021630229836194337
random_same_length,MR_2004_031,-0.0274830670741828
random_same_length,MR_2004_031,-0.0547379853720531
random_same_length,MR_2004_031,-0.011695818978382344
random_same_length,MR_2004_031,-0.026809287349110256
random_same_length,MR_2004_031,-0.05187491409803335
random_same_length,MR_2004_031,-0.05985739946907853
random_same_length,MR_2004_031,-0.013547394818159253
random_same_length,MR_2004_031,-0.05336627943178951
random_same_length,MR_2004_031,-0.033688232734763734
random_same_length,MR_2004_031,-0.05149606696688258
random_same_length,MR_2004_031,-0.02845764936856876
random_same_length,MR_2004_031,-0.04760777539914485
random_same_length,MR_2004_031,-0.046733034675477514
mercury_retrograde,MR_2004_032,-0.011837182884106623
random_same_length,MR_2004_032,-0.020470054701215656
random_same_length,MR_2004_032,-0.011243374932648043
random_same_length,MR_2004_032,-0.03800112630708408
random_same_length,MR_2004_032,-0.0494260442027451
random_same_length,MR_2004_032,-0.018276154170531522
random_same_length,MR_2004_032,-0.05576189035297585
random_same_length,MR_2004_032,-0.01633537604017299
random_same_length,MR_2004_032,-0.031073376228997973
random_same_length,MR_2004_032,-0.010156178504571178
random_same_length,MR_2004_032,-0.011490451894459963
random_same_length,MR_2004_032,-0.09550627696181202
random_same_length,MR_2004_032,-0.04503250162766903
random_same_length,MR_2004_032,-0.0295942806915922
random_same_length,MR_2004_032,-0.017161067548572606
random_same_length,MR_2004_032,-0.04887232143275677
random_same_length,MR_2004_032,-0.05336627943178951
random_same_length,MR_2004_032,-0.05956127756907337
random_same_length,MR_2004_032,-0.02919509685304522
random_same_length,MR_2004_032,-0.0030228605633046968
random_same_length,MR_2004_032,-0.010852972899597413
mercury_retrograde,MR_2005_033,-0.015560360446571608
random_same_length,MR_2005_033,-0.09032065062760553
random_same_length,MR_2005_033,-0.05140181294095392
random_same_length,MR_2005_033,-0.03479311324723777
random_same_length,MR_2005_033,-0.07143865421035511
random_same_length,MR_2005_033,-0.0041558153080796245
random_same_length,MR_2005_033,-0.030916976507557203
random_same_length,MR_2005_033,-0.05619264509000199
random_same_length,MR_2005_033,-0.02004472508361621
random_same_length,MR_2005_033,-0.020288612715960386
random_same_length,MR_2005_033,-0.007946012253681412
random_same_length,MR_2005_033,-0.08347018676590878
random_same_length,MR_2005_033,-0.03133417763098534
random_same_length,MR_2005_033,-0.018113470915933294
random_same_length,MR_2005_033,-0.2601043851078366
random_same_length,MR_2005_033,-0.057631774022559146
random_same_length,MR_2005_033,-0.07109312462694073
random_same_length,MR_2005_033,-0.02475673039503723
random_same_length,MR_2005_033,-0.002948426995476483
random_same_length,MR_2005_033,-0.030173483971249415
random_same_length,MR_2005_033,-0.02327394234061797
mercury_retrograde,MR_2005_034,-0.020641965266867568
random_same_length,MR_2005_034,-0.0599805203421967
random_same_length,MR_2005_034,-0.003524487622672101
random_same_length,MR_2005_034,-0.03177869701916469
random_same_length,MR_2005_034,-0.026614217054622524
random_same_length,MR_2005_034,-0.027157022127330843
random_same_length,MR_2005_034,-0.01926421486023222
random_same_length,MR_2005_034,-0.015877250249970554
random_same_length,MR_2005_034,-0.030560141808210095
random_same_length,MR_2005_034,-0.05930615303847819
random_same_length,MR_2005_034,-0.03666264256401586
random_same_length,MR_2005_034,-0.021853501894386507
random_same_length,MR_2005_034,-0.03977475384036655
random_same_length,MR_2005_034,-0.049451481498734906
random_same_length,MR_2005_034,-0.0505388605858893
random_same_length,MR_2005_034,-0.010944667736138669
random_same_length,MR_2005_034,-0.004616814248272094
random_same_length,MR_2005_034,-0.011149947134073246
random_same_length,MR_2005_034,-0.02252519051831048
random_same_length,MR_2005_034,-0.055173932052605346
random_same_length,MR_2005_034,-0.01911191118539224
mercury_retrograde,MR_2005_035,-0.014799936551350257
random_same_length,MR_2005_035,-0.007550806889900619
random_same_length,MR_2005_035,-0.0226005633435441
random_same_length,MR_2005_035,-0.020288612715960386
random_same_length,MR_2005_035,-0.01739421813759956
random_same_length,MR_2005_035,-0.06388746502161247
random_same_length,MR_2005_035,-0.01770582037552626
random_same_length,MR_2005_035,-0.017007951124144216
random_same_length,MR_2005_035,-0.03768874566129976
random_same_length,MR_2005_035,-0.054775641092050575
random_same_length,MR_2005_035,-0.012503712568661784
random_same_length,MR_2005_035,-0.0424139919067682
random_same_length,MR_2005_035,-0.019162024044093506
random_same_length,MR_2005_035,-0.01137419991369426
random_same_length,MR_2005_035,-0.008932805548120926
random_same_length,MR_2005_035,-0.03903431139608626
random_same_length,MR_2005_035,-0.03844463868784076
random_same_length,MR_2005_035,-0.01994806886902112
random_same_length,MR_2005_035,-0.004289562412875814
random_same_length,MR_2005_035,-0.008366263365449322
random_same_length,MR_2005_035,-0.0505388605858893
mercury_retrograde,MR_2006_036,-0.007664960436986057
random_same_length,MR_2006_036,-0.02090774493578873
random_same_length,MR_2006_036,-0.008988392160571124
random_same_length,MR_2006_036,-0.10537799292042893
random_same_length,MR_2006_036,-0.06287690053123285
random_same_length,MR_2006_036,-0.04962333099394811
random_same_length,MR_2006_036,-0.02213858436848437
random_same_length,MR_2006_036,-0.008463754031789561
random_same_length,MR_2006_036,-0.011501333434131178
random_same_length,MR_2006_036,-0.017233475202623416
random_same_length,MR_2006_036,-0.03258519115305114
random_same_length,MR_2006_036,-0.006949136206181761
random_same_length,MR_2006_036,-0.02398157220978303
random_same_length,MR_2006_036,-0.007013043156751109
random_same_length,MR_2006_036,-0.1157374046271723
random_same_length,MR_2006_036,-0.030677935532136158
random_same_length,MR_2006_036,-0.025825839389640448
random_same_length,MR_2006_036,-0.003550567117658776
random_same_length,MR_2006_036,-0.047477841043489066
random_same_length,MR_2006_036,-0.06339549489895657
random_same_length,MR_2006_036,-0.007063723409320266
mercury_retrograde,MR_2006_037,-0.031073376228997973
random_same_length,MR_2006_037,-0.06299542303293781
random_same_length,MR_2006_037,-0.01137419991369426
random_same_length,MR_2006_037,-0.02084526022982036
random_same_length,MR_2006_037,-0.04304804926741379
random_same_length,MR_2006_037,-0.033181416266363395
random_same_length,MR_2006_037,-0.04227817267141487
random_same_length,MR_2006_037,-0.022314338384895493
random_same_length,MR_2006_037,-0.03962895899397534
random_same_length,MR_2006_037,-0.07322062527740292
random_same_length,MR_2006_037,-0.11242857263856199
random_same_length,MR_2006_037,-0.01147085892168509
random_same_length,MR_2006_037,-0.036675884678116666
random_same_length,MR_2006_037,-0.008083839306732843
random_same_length,MR_2006_037,-0.006067494393846573
random_same_length,MR_2006_037,-0.03621843523916568
random_same_length,MR_2006_037,-0.07803799650478838
random_same_length,MR_2006_037,-0.007822522870119086
random_same_length,MR_2006_037,-0.021586593129171328
random_same_length,MR_2006_037,-0.036670805943343154
random_same_length,MR_2006_037,-0.04730692459694963
mercury_retrograde,MR_2006_038,-0.0098987569546789
random_same_length,MR_2006_038,-0.007969132154236114
random_same_length,MR_2006_038,-0.03790194688288351
random_same_length,MR_2006_038,-0.009354426551109074
random_same_length,MR_2006_038,-0.0189911237283914
random_same_length,MR_2006_038,-0.019162024044093506
random_same_length,MR_2006_038,-0.050092399407264065
random_same_length,MR_2006_038,-0.05304829262904187
random_same_length,MR_2006_038,-0.011679131891330519
random_same_length,MR_2006_038,-0.01056488672235878
random_same_length,MR_2006_038,-0.009788005091489027
random_same_length,MR_2006_038,-0.026187496220164364
random_same_length,MR_2006_038,-0.045361489038858505
random_same_length,MR_2006_038,-0.01833731373889924
random_same_length,MR_2006_038,-0.01911191118539224
random_same_length,MR_2006_038,-0.04081295919400363
random_same_length,MR_2006_038,-0.2062418209590614
random_same_length,MR_2006_038,-0.08539393692960273
random_same_length,MR_2006_038,-0.00625048752677404
random_same_length,MR_2006_038,-0.049329871695442784
random_same_length,MR_2006_038,-0.01147085892168509
mercury_retrograde,MR_2007_039,-0.05861562496262873
random_same_length,MR_2007_039,-0.03844444297181482
random_same_length,MR_2007_039,-0.05346339857232385
random_same_length,MR_2007_039,-0.011547118478160368
random_same_length,MR_2007_039,-0.01911191118539224
random_same_length,MR_2007_039,-0.007411564967775841
random_same_length,MR_2007_039,-0.013675504972140873
random_same_length,MR_2007_039,-0.019653486300597045
random_same_length,MR_2007_039,-0.05083328699126488
random_same_length,MR_2007_039,-0.04288813647717227
random_same_length,MR_2007_039,-0.017839079110279044
random_same_length,MR_2007_039,-0.01645642667345404
random_same_length,MR_2007_039,-0.015567283563270418
random_same_length,MR_2007_039,-0.010812735946285956
random_same_length,MR_2007_039,-0.012676719349457133
random_same_length,MR_2007_039,-0.028768596622478992
random_same_length,MR_2007_039,-0.011466971013860516
random_same_length,MR_2007_039,-0.027256683589439556
random_same_length,MR_2007_039,-0.1000384271479785
random_same_length,MR_2007_039,-0.02590693531808208
random_same_length,MR_2007_039,-0.017733277845877526
mercury_retrograde,MR_2007_040,-0.02660881386366043
random_same_length,MR_2007_040,-0.03230278795045982
random_same_length,MR_2007_040,-0.030751753854022623
random_same_length,MR_2007_040,-0.020438092707149136
random_same_length,MR_2007_040,-0.020438092707149136
random_same_length,MR_2007_040,-0.011243374932648043
random_same_length,MR_2007_040,-0.04002640905540178
random_same_length,MR_2007_040,-0.03230611647326431
random_same_length,MR_2007_040,-0.05336627943178951
random_same_length,MR_2007_040,-0.01029366982709512
random_same_length,MR_2007_040,-0.014301668210778717
random_same_length,MR_2007_040,-0.0505388605858893
random_same_length,MR_2007_040,-0.054426862680349686
random_same_length,MR_2007_040,-0.01724398699465124
random_same_length,MR_2007_040,-0.01912643951129467
random_same_length,MR_2007_040,-0.0461568024228135
random_same_length,MR_2007_040,-0.02817727160314254
random_same_length,MR_2007_040,-0.014025742081176018
random_same_length,MR_2007_040,-0.028991229636487592
random_same_length,MR_2007_040,-0.012003029190539971
random_same_length,MR_2007_040,-0.21026062216819486
mercury_retrograde,MR_2007_041,-0.031045164858100827
random_same_length,MR_2007_041,-0.009515462062967828
random_same_length,MR_2007_041,-0.02434321296950326
random_same_length,MR_2007_041,-0.026942745622291042
random_same_length,MR_2007_041,-0.03653460722976831
random_same_length,MR_2007_041,-0.036670805943343154
random_same_length,MR_2007_041,-0.013675504972140873
random_same_length,MR_2007_041,-0.01029366982709512
random_same_length,MR_2007_041,-0.005170034191427142
random_same_length,MR_2007_041,-0.006572828751212234
random_same_length,MR_2007_041,-0.037649189334892585
random_same_length,MR_2007_041,-0.01596146988838787
random_same_length,MR_2007_041,-0.019480089347185148
random_same_length,MR_2007_041,-0.03855849526654409
random_same_length,MR_2007_041,-0.010344584102318533
random_same_length,MR_2007_041,-0.034143085356696634
random_same_length,MR_2007_041,-0.021383406163756224
random_same_length,MR_2007_041,-0.015593015486239259
random_same_length,MR_2007_041,-0.024000225413476572
random_same_length,MR_2007_041,-0.0377061505305617
random_same_length,MR_2007_041,-0.008707517542448917
mercury_retrograde,MR_2008_042,-0.0494260442027451
random_same_length,MR_2008_042,-0.009464194742079601
random_same_length,MR_2008_042,-0.0377061505305617
random_same_length,MR_2008_042,-0.050896877122941886
random_same_length,MR_2008_042,-0.012492897726459007
random_same_length,MR_2008_042,-0.01183402645755216
random_same_length,MR_2008_042,-0.03903431139608626
random_same_length,MR_2008_042,-0.023167753743008168
random_same_length,MR_2008_042,-0.024085039183901924
random_same_length,MR_2008_042,-0.0845981198535265
random_same_length,MR_2008_042,-0.023934766241017202
random_same_length,MR_2008_042,-0.08508579100701641
random_same_length,MR_2008_042,-0.0951268042830955
random_same_length,MR_2008_042,-0.054426862680349686
random_same_length,MR_2008_042,-0.006926608018497427
random_same_length,MR_2008_042,-0.013533786415900972
random_same_length,MR_2008_042,-0.04547443585842015
random_same_length,MR_2008_042,-0.03701298803768993
random_same_length,MR_2008_042,-0.06675862271211752
random_same_length,MR_2008_042,-0.015678615300422583
random_same_length,MR_2008_042,-0.010764913083623817
mercury_retrograde,MR_2008_043,-0.06133684136763262
random_same_length,MR_2008_043,-0.02497033479133348
random_same_length,MR_2008_043,-0.028492555436318123
random_same_length,MR_2008_043,-0.018316900753418297
random_same_length,MR_2008_043,-0.038811701806393484
random_same_length,MR_2008_043,-0.007227744847586148
random_same_length,MR_2008_043,-0.007227744847586148
random_same_length,MR_2008_043,-0.021021421793327222
random_same_length,MR_2008_043,-0.03166933629499635
random_same_length,MR_2008_043,-0.08371779301473004
random_same_length,MR_2008_043,-0.01168060658714487
random_same_length,MR_2008_043,-0.01330043475723619
random_same_length,MR_2008_043,-0.047328090718813054
random_same_length,MR_2008_043,-0.08175606927873491
random_same_length,MR_2008_043,-0.0924530290215807
random_same_length,MR_2008_043,-0.02327394234061797
random_same_length,MR_2008_043,-0.017733277845877526
random_same_length,MR_2008_043,-0.1056469795136763
random_same_length,MR_2008_043,-0.019076555835335074
random_same_length,MR_2008_043,-0.032570061457056876
random_same_length,MR_2008_043,-0.02122609272538767
mercury_retrograde,MR_2008_044,-0.25884596484915945
random_same_length,MR_2008_044,-0.014025742081176018
random_same_length,MR_2008_044,-0.016696720631691142
random_same_length,MR_2008_044,-0.012183828060235546
random_same_length,MR_2008_044,-0.019797601899434136
random_same_length,MR_2008_044,-0.013107087279539353
random_same_length,MR_2008_044,-0.005254535631502799
random_same_length,MR_2008_044,-0.07299128438362235
random_same_length,MR_2008_044,-0.004087726727828533
random_same_length,MR_2008_044,-0.09851290883416453
random_same_length,MR_2008_044,-0.03762997168145876
random_same_length,MR_2008_044,-0.04278974468970964
random_same_length,MR_2008_044,-0.017168608004767938
random_same_length,MR_2008_044,-0.07367055539879186
random_same_length,MR_2008_044,-0.03915130244311249
random_same_length,MR_2008_044,-0.019269558866927494
random_same_length,MR_2008_044,-0.015877250249970554
random_same_length,MR_2008_044,-0.03900846392623414
random_same_length,MR_2008_044,-0.009443298138570255
random_same_length,MR_2008_044,-0.022363878081596122
random_same_length,MR_2008_044,-0.06183258548495263
mercury_retrograde,MR_2009_045,-0.07636014292668414
random_same_length,MR_2009_045,-0.01833731373889924
random_same_length,MR_2009_045,-0.017273744214444053
random_same_length,MR_2009_045,-0.05565791042037227
random_same_length,MR_2009_045,-0.025285211102304528
random_same_length,MR_2009_045,-0.039038220257288425
random_same_length,MR_2009_045,-0.003524487622672101
random_same_length,MR_2009_045,-0.009411056951561969
random_same_length,MR_2009_045,-0.017659955093465185
random_same_length,MR_2009_045,-0.020862935110879
random_same_length,MR_2009_045,-0.0189911237283914
random_same_length,MR_2009_045,-0.016130843888965463
random_same_length,MR_2009_045,-0.00976754236835553
random_same_length,MR_2009_045,-0.02278464425831217
random_same_length,MR_2009_045,-0.01330043475723619
random_same_length,MR_2009_045,-0.024460555293484898
random_same_length,MR_2009_045,-0.01687933834361266
random_same_length,MR_2009_045,-0.005122452280258649
random_same_length,MR_2009_045,-0.0021525049536212926
random_same_length,MR_2009_045,-0.05730735489298733
random_same_length,MR_2009_045,-0.008988392160571124
mercury_retrograde,MR_2009_046,-0.04987998295379603
random_same_length,MR_2009_046,-0.012271804335370673
random_same_length,MR_2009_046,-0.024932028015115515
random_same_length,MR_2009_046,-0.02496934847918364
random_same_length,MR_2009_046,-0.110784593234594
random_same_length,MR_2009_046,-0.024964023066834873
random_same_length,MR_2009_046,-0.015414658723588825
random_same_length,MR_2009_046,-0.025271074111842595
random_same_length,MR_2009_046,-0.029959636292900438
random_same_length,MR_2009_046,-0.009891483140586299
random_same_length,MR_2009_046,-0.017049334420920825
random_same_length,MR_2009_046,-0.0041558153080796245
random_same_length,MR_2009_046,-0.07429811121619934
random_same_length,MR_2009_046,-0.017839079110279044
random_same_length,MR_2009_046,-0.01330043475723619
random_same_length,MR_2009_046,-0.006015861156064228
random_same_length,MR_2009_046,-0.028991229636487592
random_same_length,MR_2009_046,-0.004947922948427275
random_same_length,MR_2009_046,-0.05985739946907853
random_same_length,MR_2009_046,-0.024493503698714947
random_same_length,MR_2009_046,-0.049451481498734906
mercury_retrograde,MR_2009_047,-0.025455861398952617
random_same_length,MR_2009_047,-0.08606400455650598
random_same_length,MR_2009_047,-0.013913563363939452
random_same_length,MR_2009_047,-0.09851290883416453
random_same_length,MR_2009_047,-0.08966715342164988
random_same_length,MR_2009_047,-0.024112927399144835
random_same_length,MR_2009_047,-0.008932805548120926
random_same_length,MR_2009_047,-0.025168419658013197
random_same_length,MR_2009_047,-0.01478752373022263
random_same_length,MR_2009_047,-0.018051310585611824
random_same_length,MR_2009_047,-0.028146085065056226
random_same_length,MR_2009_047,-0.07167590425684
random_same_length,MR_2009_047,-0.010061679602712648
random_same_length,MR_2009_047,-0.07885368587083708
random_same_length,MR_2009_047,-0.016365974040577158
random_same_length,MR_2009_047,-0.18142754707281783
random_same_length,MR_2009_047,-0.007136769710032631
random_same_length,MR_2009_047,-0.0475276202516165
random_same_length,MR_2009_047,-0.04618651644259564
random_same_length,MR_2009_047,-0.049825773696962616
random_same_length,MR_2009_047,-0.005122452280258649
mercury_retrograde,MR_2009_048,-0.011243374932648043
random_same_length,MR_2009_048,-0.008221223540790357
random_same_length,MR_2009_048,-0.025325355950978734
random_same_length,MR_2009_048,-0.026730007252896648
random_same_length,MR_2009_048,-0.01705809345274889
random_same_length,MR_2009_048,-0.04962333099394811
random_same_length,MR_2009_048,-0.08539400146993592
random_same_length,MR_2009_048,-0.008572555644746127
random_same_length,MR_2009_048,-0.04132773701092374
random_same_length,MR_2009_048,-0.021796305989561837
random_same_length,MR_2009_048,-0.04194962118841428
random_same_length,MR_2009_048,-0.05193178113356678
random_same_length,MR_2009_048,-0.025228509533732124
random_same_length,MR_2009_048,-0.03977475384036655
random_same_length,MR_2009_048,-0.04883020989954945
random_same_length,MR_2009_048,-0.033181416266363395
random_same_length,MR_2009_048,-0.007378510346287226
random_same_length,MR_2009_048,-0.07038920806449456
random_same_length,MR_2009_048,-0.009354426551109074
random_same_length,MR_2009_048,-0.011296379879250695
random_same_length,MR_2009_048,-0.025271074111842595
mercury_retrograde,MR_2010_049,-0.0874080095403531
random_same_length,MR_2010_049,-0.015165359247206966
random_same_length,MR_2010_049,-0.07112519254449134
random_same_length,MR_2010_049,-0.019019042229993732
random_same_length,MR_2010_049,-0.04058442042819266
random_same_length,MR_2010_049,-0.011547118478160368
random_same_length,MR_2010_049,-0.04915351495658471
random_same_length,MR_2010_049,-0.013182771972194418
random_same_length,MR_2010_049,-0.011837182884106623
random_same_length,MR_2010_049,-0.030677935532136158
random_same_length,MR_2010_049,-0.038811701806393484
random_same_length,MR_2010_049,-0.01328841015271287
random_same_length,MR_2010_049,-0.018051310585611824
random_same_length,MR_2010_049,-0.01618334772503227
random_same_length,MR_2010_049,-0.01705809345274889
random_same_length,MR_2010_049,-0.045361489038858505
random_same_length,MR_2010_049,-0.04686395593198067
random_same_length,MR_2010_049,-0.0505388605858893
random_same_length,MR_2010_049,-0.013913563363939452
random_same_length,MR_2010_049,-0.016056307102287448
random_same_length,MR_2010_049,-0.02213858436848437
mercury_retrograde,MR_2010_050,-0.018868999142593768
random_same_length,MR_2010_050,-0.04765686730377161
random_same_length,MR_2010_050,-0.013244334755284748
random_same_length,MR_2010_050,-0.022363878081596122
random_same_length,MR_2010_050,-0.015195771114281276
random_same_length,MR_2010_050,-0.03610199653218982
random_same_length,MR_2010_050,-0.011584540717172742
random_same_length,MR_2010_050,-0.008988392160571124
random_same_length,MR_2010_050,-0.012003029190539971
random_same_length,MR_2010_050,-0.10661791211137084
random_same_length,MR_2010_050,-0.00689910050906084
random_same_length,MR_2010_050,-0.042293023571854604
random_same_length,MR_2010_050,-0.012037574536708617
random_same_length,MR_2010_050,-0.11635595878676741
random_same_length,MR_2010_050,-0.0461568024228135
random_same_length,MR_2010_050,-0.11177936803036992
random_same_length,MR_2010_050,-0.0055566200056119674
random_same_length,MR_2010_050,-0.032773663222612326
random_same_length,MR_2010_050,-0.007411564967775841
random_same_length,MR_2010_050,-0.04599172914339322
random_same_length,MR_2010_050,-0.017852526697772375
mercury_retrograde,MR_2010_051,-0.005122452280258649
random_same_length,MR_2010_051,-0.03701298803768993
random_same_length,MR_2010_051,-0.10159530548956275
random_same_length,MR_2010_051,-0.0285730987959103
random_same_length,MR_2010_051,-0.05642412447628098
random_same_length,MR_2010_051,-0.049329871695442784
random_same_length,MR_2010_051,-0.008083839306732843
random_same_length,MR_2010_051,-0.017733277845877526
random_same_length,MR_2010_051,-0.015877250249970554
random_same_length,MR_2010_051,-0.0061519780340950625
random_same_length,MR_2010_051,-0.02090774493578873
random_same_length,MR_2010_051,-0.016764487463889255
random_same_length,MR_2010_051,-0.03126485724869488
random_same_length,MR_2010_051,-0.08508579100701641
random_same_length,MR_2010_051,-0.011679131891330519
random_same_length,MR_2010_051,-0.022762345961115593
random_same_length,MR_2010_051,-0.013056469758325195
random_same_length,MR_2010_051,-0.013547394818159253
random_same_length,MR_2010_051,-0.06360574657343754
random_same_length,MR_2010_051,-0.024932028015115515
random_same_length,MR_2010_051,-0.1282079501891431
mercury_retrograde,MR_2011_052,-0.022762345961115593
random_same_length,MR_2011_052,-0.012412263159452208
random_same_length,MR_2011_052,-0.03716124221346051
random_same_length,MR_2011_052,-0.024491108306287646
random_same_length,MR_2011_052,-0.021449400664502738
random_same_length,MR_2011_052,-0.023721455093028143
random_same_length,MR_2011_052,-0.012412263159452208
random_same_length,MR_2011_052,-0.022343403601977396
random_same_length,MR_2011_052,-0.020150954880819083
random_same_length,MR_2011_052,-0.02213858436848437
random_same_length,MR_2011_052,-0.021586593129171328
random_same_length,MR_2011_052,-0.027577934042642416
random_same_length,MR_2011_052,-0.022759048646744606
random_same_length,MR_2011_052,-0.006915771403868898
random_same_length,MR_2011_052,-0.011679131891330519
random_same_length,MR_2011_052,-0.017787745638116026
random_same_length,MR_2011_052,-0.021920248779842444
random_same_length,MR_2011_052,-0.0237986084195716
random_same_length,MR_2011_052,-0.015678615300422583
random_same_length,MR_2011_052,-0.0948589877540803
random_same_length,MR_2011_052,-0.01479100810740086
mercury_retrograde,MR_2011_053,-0.0672151380201561
random_same_length,MR_2011_053,-0.0025783763780462543
random_same_length,MR_2011_053,-0.011695818978382344
random_same_length,MR_2011_053,-0.10750768675691391
random_same_length,MR_2011_053,-0.014643046235484514
random_same_length,MR_2011_053,-0.0183082438376565
random_same_length,MR_2011_053,-0.015165359247206966
random_same_length,MR_2011_053,-0.19345218185727364
random_same_length,MR_2011_053,-0.01399583929637016
random_same_length,MR_2011_053,-0.04118196051572198
random_same_length,MR_2011_053,-0.05660711966589793
random_same_length,MR_2011_053,-0.005122452280258649
random_same_length,MR_2011_053,-0.03287791444803678
random_same_length,MR_2011_053,-0.01564701936101387
random_same_length,MR_2011_053,-0.02482517373944415
random_same_length,MR_2011_053,-0.011298015055544064
random_same_length,MR_2011_053,-0.054513345742785435
random_same_length,MR_2011_053,-0.09801054961524924
random_same_length,MR_2011_053,-0.02162146111508667
random_same_length,MR_2011_053,-0.018113789643415146
random_same_length,MR_2011_053,-0.03399156490489086
mercury_retrograde,MR_2011_054,-0.03900846392623414
random_same_length,MR_2011_054,-0.01149912825888455
random_same_length,MR_2011_054,-0.003884981383271535
random_same_length,MR_2011_054,-0.05005710403637864
random_same_length,MR_2011_054,-0.002115356985885164
random_same_length,MR_2011_054,-0.01402152728542383
random_same_length,MR_2011_054,-0.053108103970441856
random_same_length,MR_2011_054,-0.01979155193373494
random_same_length,MR_2011_054,-0.030188321854162647
random_same_length,MR_2011_054,-0.021586593129171328
random_same_length,MR_2011_054,-0.017039322892141273
random_same_length,MR_2011_054,-0.012454371867771763
random_same_length,MR_2011_054,-0.035694881088395136
random_same_length,MR_2011_054,-0.008455183586752568
random_same_length,MR_2011_054,-0.020895137050193635
random_same_length,MR_2011_054,-0.03258519115305114
random_same_length,MR_2011_054,-0.03954592369431653
random_same_length,MR_2011_054,-0.006814694227374907
random_same_length,MR_2011_054,-0.025886057902243964
random_same_length,MR_2011_054,-0.0494260442027451
random_same_length,MR_2011_054,-0.021383406163756224
mercury_retrograde,MR_2012_055,-0.014150466211133916
random_same_length,MR_2012_055,-0.030677935532136158
random_same_length,MR_2012_055,-0.012485456268501505
random_same_length,MR_2012_055,-0.035264666893344065
random_same_length,MR_2012_055,-0.04081295919400363
random_same_length,MR_2012_055,-0.03527185569784819
random_same_length,MR_2012_055,-0.01207278294761116
random_same_length,MR_2012_055,-0.07617499190680099
random_same_length,MR_2012_055,-0.025856840246254453
random_same_length,MR_2012_055,-0.02418788889208423
random_same_length,MR_2012_055,-0.02497401142049671
random_same_length,MR_2012_055,-0.015877250249970554
random_same_length,MR_2012_055,-0.07636014292668414
random_same_length,MR_2012_055,-0.0036287033416374515
random_same_length,MR_2012_055,-0.00872667775248992
random_same_length,MR_2012_055,-0.016246454934562005
random_same_length,MR_2012_055,-0.025251202485537583
random_same_length,MR_2012_055,-0.03998541909316389
random_same_length,MR_2012_055,-0.014536556414476376
random_same_length,MR_2012_055,-0.024932028015115515
random_same_length,MR_2012_055,-0.0295942806915922
mercury_retrograde,MR_2012_056,-0.028056457884939934
random_same_length,MR_2012_056,-0.06638671104751048
random_same_length,MR_2012_056,-0.04334403799778086
random_same_length,MR_2012_056,-0.05930615303847819
random_same_length,MR_2012_056,-0.05028717640669278
random_same_length,MR_2012_056,-0.03222197123392645
random_same_length,MR_2012_056,-0.05014565567851659
random_same_length,MR_2012_056,-0.07851679067179107
random_same_length,MR_2012_056,-0.018458497554185604
random_same_length,MR_2012_056,-0.007136769710032631
random_same_length,MR_2012_056,-0.024391663431296395
random_same_length,MR_2012_056,-0.008100314924121665
random_same_length,MR_2012_056,-0.06800639365880867
random_same_length,MR_2012_056,-0.017659955093465185
random_same_length,MR_2012_056,-0.04526908682149
random_same_length,MR_2012_056,-0.09291064826574602
random_same_length,MR_2012_056,-0.0885232948554232
random_same_length,MR_2012_056,-0.054513345742785435
random_same_length,MR_2012_056,-0.02301759157814609
random_same_length,MR_2012_056,-0.007550806889900619
random_same_length,MR_2012_056,-0.08494777840575307
mercury_retrograde,MR_2012_057,-0.019347458153349928
random_same_length,MR_2012_057,-0.015678615300422583
random_same_length,MR_2012_057,-0.042454895320497066
random_same_length,MR_2012_057,-0.029673960908805253
random_same_length,MR_2012_057,-0.08796093445729658
random_same_length,MR_2012_057,-0.040060495837450305
random_same_length,MR_2012_057,-0.00782347034217612
random_same_length,MR_2012_057,-0.013533786415900972
random_same_length,MR_2012_057,-0.04207468782753654
random_same_length,MR_2012_057,-0.024642584749729912
random_same_length,MR_2012_057,-0.016240364366453486
random_same_length,MR_2012_057,-0.017007951124144216
random_same_length,MR_2012_057,-0.09049446121168392
random_same_length,MR_2012_057,-0.019162024044093506
random_same_length,MR_2012_057,-0.05636888027636899
random_same_length,MR_2012_057,-0.024252993156406166
random_same_length,MR_2012_057,-0.0031562949349001057
random_same_length,MR_2012_057,-0.004616814248272094
random_same_length,MR_2012_057,-0.029612724552211422
random_same_length,MR_2012_057,-0.027349458371103252
random_same_length,MR_2012_057,-0.02114181011508598
mercury_retrograde,MR_2013_058,-0.007119876807553993
random_same_length,MR_2013_058,-0.04099001366670263
random_same_length,MR_2013_058,-0.026425769269457833
random_same_length,MR_2013_058,-0.01137419991369426
random_same_length,MR_2013_058,-0.02084526022982036
random_same_length,MR_2013_058,-0.0068671327196959675
random_same_length,MR_2013_058,-0.013136009612691457
random_same_length,MR_2013_058,-0.05304829262904187
random_same_length,MR_2013_058,-0.011560763746298108
random_same_length,MR_2013_058,-0.007623328862214396
random_same_length,MR_2013_058,-0.040282622915956856
random_same_length,MR_2013_058,-0.011185193858259779
random_same_length,MR_2013_058,-0.010156178504571178
random_same_length,MR_2013_058,-0.054478522338483715
random_same_length,MR_2013_058,-0.012712042720213645
random_same_length,MR_2013_058,-0.04031864438504884
random_same_length,MR_2013_058,-0.03610199653218982
random_same_length,MR_2013_058,-0.012183828060235546
random_same_length,MR_2013_058,-0.017733277845877526
random_same_length,MR_2013_058,-0.013547394818159253
random_same_length,MR_2013_058,-0.025195758118519596
mercury_retrograde,MR_2013_059,-0.003708760911961373
random_same_length,MR_2013_059,-0.03248461432325278
random_same_length,MR_2013_059,-0.04290054654733788
random_same_length,MR_2013_059,-0.015869512427409305
random_same_length,MR_2013_059,-0.05304829262904187
random_same_length,MR_2013_059,-0.04783261898623248
random_same_length,MR_2013_059,-0.04018438280930803
random_same_length,MR_2013_059,-0.009765395833420065
random_same_length,MR_2013_059,-0.014185449499020453
random_same_length,MR_2013_059,-0.008707517542448917
random_same_length,MR_2013_059,-0.048267867679132825
random_same_length,MR_2013_059,-0.022556874675647598
random_same_length,MR_2013_059,-0.05404061355507517
random_same_length,MR_2013_059,-0.006572828751212234
random_same_length,MR_2013_059,-0.03701666167447282
random_same_length,MR_2013_059,-0.008463754031789561
random_same_length,MR_2013_059,-0.026425769269457833
random_same_length,MR_2013_059,-0.012003029190539971
random_same_length,MR_2013_059,-0.0383656913192717
random_same_length,MR_2013_059,-0.034282215376081115
random_same_length,MR_2013_059,-0.023584276873189647
mercury_retrograde,MR_2013_060,-0.01399583929637016
random_same_length,MR_2013_060,-0.04013246925144087
random_same_length,MR_2013_060,-0.016696720631691142
random_same_length,MR_2013_060,-0.008221223540790357
random_same_length,MR_2013_060,-0.07636014292668414
random_same_length,MR_2013_060,-0.0689562287158153
random_same_length,MR_2013_060,-0.007781394120807694
random_same_length,MR_2013_060,-0.02497401142049671
random_same_length,MR_2013_060,-0.025443489115199225
random_same_length,MR_2013_060,-0.022451114031495245
random_same_length,MR_2013_060,-0.006330626076692436
random_same_length,MR_2013_060,-0.07732707149243478
random_same_length,MR_2013_060,-0.04194962118841428
random_same_length,MR_2013_060,-0.044555446385451836
random_same_length,MR_2013_060,-0.005836695612828402
random_same_length,MR_2013_060,-0.020895137050193635
random_same_length,MR_2013_060,-0.0015011590075549863
random_same_length,MR_2013_060,-0.018852624868354928
random_same_length,MR_2013_060,-0.02979253549421801
random_same_length,MR_2013_060,-0.18888409024872255
random_same_length,MR_2013_060,-0.010844236813913999
mercury_retrograde,MR_2014_061,-0.006524484290135191
random_same_length,MR_2014_061,-0.027953162624766326
random_same_length,MR_2014_061,-0.01618334772503227
random_same_length,MR_2014_061,-0.03424568164593966
random_same_length,MR_2014_061,-0.061125348384691525
random_same_length,MR_2014_061,-0.02418788889208423
random_same_length,MR_2014_061,-0.0237986084195716
random_same_length,MR_2014_061,-0.0274830670741828
random_same_length,MR_2014_061,-0.017211407380596788
random_same_length,MR_2014_061,-0.00997450002544753
random_same_length,MR_2014_061,-0.0729576321910187
random_same_length,MR_2014_061,-0.01183402645755216
random_same_length,MR_2014_061,-0.006632613686435973
random_same_length,MR_2014_061,-0.05619264509000199
random_same_length,MR_2014_061,-0.04920503217294914
random_same_length,MR_2014_061,-0.01766850533955633
random_same_length,MR_2014_061,-0.07016925902104931
random_same_length,MR_2014_061,-0.015986873673967117
random_same_length,MR_2014_061,-0.004541890976105134
random_same_length,MR_2014_061,-0.03760505073379916
random_same_length,MR_2014_061,-0.15391438324957052
mercury_retrograde,MR_2014_062,-0.010844236813913999
random_same_length,MR_2014_062,-0.016240364366453486
random_same_length,MR_2014_062,-0.07181571239190598
random_same_length,MR_2014_062,-0.03074467669997638
random_same_length,MR_2014_062,-0.03649369138633651
random_same_length,MR_2014_062,-0.0494260442027451
random_same_length,MR_2014_062,-0.026960270776822948
random_same_length,MR_2014_062,-0.03246481531174805
random_same_length,MR_2014_062,-0.039700286475655044
random_same_length,MR_2014_062,-0.011145152632890842
random_same_length,MR_2014_062,-0.02327394234061797
random_same_length,MR_2014_062,-0.04830060909540845
random_same_length,MR_2014_062,-0.0061519780340950625
random_same_length,MR_2014_062,-0.026960270776822948
random_same_length,MR_2014_062,-0.020055320867055193
random_same_length,MR_2014_062,-0.04227557516436786
random_same_length,MR_2014_062,-0.014799936551350257
random_same_length,MR_2014_062,-0.012271804335370673
random_same_length,MR_2014_062,-0.03538445141968316
random_same_length,MR_2014_062,-0.03413196374509331
random_same_length,MR_2014_062,-0.024932028015115515
mercury_retrograde,MR_2014_063,-0.05404061355507517
random_same_length,MR_2014_063,-0.005122452280258649
random_same_length,MR_2014_063,-0.045412806815820606
random_same_length,MR_2014_063,-0.0729576321910187
random_same_length,MR_2014_063,-0.10868700853718494
random_same_length,MR_2014_063,-0.10227636321041289
random_same_length,MR_2014_063,-0.045564706610169536
random_same_length,MR_2014_063,-0.030560141808210095
random_same_length,MR_2014_063,-0.015962715931620908
random_same_length,MR_2014_063,-0.03629523642624566
random_same_length,MR_2014_063,-0.015207468237571131
random_same_length,MR_2014_063,-0.08448697916213344
random_same_length,MR_2014_063,-0.025271074111842595
random_same_length,MR_2014_063,-0.01766850533955633
random_same_length,MR_2014_063,-0.005922425492665528
random_same_length,MR_2014_063,-0.012492897726459007
random_same_length,MR_2014_063,-0.02252519051831048
random_same_length,MR_2014_063,-0.011145426658350721
random_same_length,MR_2014_063,-0.04081295919400363
random_same_length,MR_2014_063,-0.04413924849814055
random_same_length,MR_2014_063,-0.12755782942204108
mercury_retrograde,MR_2015_064,-0.030188321854162647
random_same_length,MR_2015_064,-0.02845764936856876
random_same_length,MR_2015_064,-0.014684266911006771
random_same_length,MR_2015_064,-0.0455003264703816
random_same_length,MR_2015_064,-0.030360319877536623
random_same_length,MR_2015_064,-0.085283575508179
random_same_length,MR_2015_064,-0.03398950696744918
random_same_length,MR_2015_064,-0.012412263159452208
random_same_length,MR_2015_064,-0.014643046235484514
random_same_length,MR_2015_064,-0.02178342845217529
random_same_length,MR_2015_064,-0.03023875014085431
random_same_length,MR_2015_064,-0.011185193858259779
random_same_length,MR_2015_064,-0.0370168570996664
random_same_length,MR_2015_064,-0.01137419991369426
random_same_length,MR_2015_064,-0.012454371867771763
random_same_length,MR_2015_064,-0.03790194688288351
random_same_length,MR_2015_064,-0.018852624868354928
random_same_length,MR_2015_064,-0.01472985596300913
random_same_length,MR_2015_064,-0.006067494393846573
random_same_length,MR_2015_064,-0.008463754031789561
random_same_length,MR_2015_064,-0.07884586214659672
mercury_retrograde,MR_2015_065,-0.02418788889208423
random_same_length,MR_2015_065,-0.036670805943343154
random_same_length,MR_2015_065,-0.036670805943343154
random_same_length,MR_2015_065,-0.013956277330703482
random_same_length,MR_2015_065,-0.03007632395231863
random_same_length,MR_2015_065,-0.012178632951722945
random_same_length,MR_2015_065,-0.026275674698055917
random_same_length,MR_2015_065,-0.013590618835584656
random_same_length,MR_2015_065,-0.03789111860375716
random_same_length,MR_2015_065,-0.01089861037583828
random_same_length,MR_2015_065,-0.010944667736138669
random_same_length,MR_2015_065,-0.03402791822279749
random_same_length,MR_2015_065,-0.04070536086630083
random_same_length,MR_2015_065,-0.0892952436107991
random_same_length,MR_2015_065,-0.012271804335370673
random_same_length,MR_2015_065,-0.027148966384044293
random_same_length,MR_2015_065,-0.0274830670741828
random_same_length,MR_2015_065,-0.023419180212387647
random_same_length,MR_2015_065,-0.013320267930663321
random_same_length,MR_2015_065,-0.0672151380201561
random_same_length,MR_2015_065,-0.02533416966357671
mercury_retrograde,MR_2015_066,-0.04331532887684042
random_same_length,MR_2015_066,-0.06002659384059961
random_same_length,MR_2015_066,-0.06062814419767193
random_same_length,MR_2015_066,-0.00811717185395111
random_same_length,MR_2015_066,-0.02506569945445969
random_same_length,MR_2015_066,-0.007378510346287226
random_same_length,MR_2015_066,-0.04092996031210072
random_same_length,MR_2015_066,-0.020538010235925608
random_same_length,MR_2015_066,-0.08586110509211653
random_same_length,MR_2015_066,-0.09750336795716619
random_same_length,MR_2015_066,-0.03864578050349188
random_same_length,MR_2015_066,-0.03737400864015039
random_same_length,MR_2015_066,-0.014799936551350257
random_same_length,MR_2015_066,-0.015924124746097168
random_same_length,MR_2015_066,-0.03479311324723777
random_same_length,MR_2015_066,-0.006036308577072269
random_same_length,MR_2015_066,-0.012011568021868757
random_same_length,MR_2015_066,-0.0063807956926767995
random_same_length,MR_2015_066,-0.004289562412875814
random_same_length,MR_2015_066,-0.05565791042037227
random_same_length,MR_2015_066,-0.02660881386366043
mercury_retrograde,MR_2016_067,-0.04310660403738131
random_same_length,MR_2016_067,-0.024668928684377978
random_same_length,MR_2016_067,-0.010176743821595058
random_same_length,MR_2016_067,-0.01477060719277512
random_same_length,MR_2016_067,-0.05642412447628098
random_same_length,MR_2016_067,-0.055756250531925344
random_same_length,MR_2016_067,-0.05386355276318877
random_same_length,MR_2016_067,-0.006949136206181761
random_same_length,MR_2016_067,-0.02252519051831048
random_same_length,MR_2016_067,-0.012454371867771763
random_same_length,MR_2016_067,-0.033540417627169195
random_same_length,MR_2016_067,-0.1045534615589171
random_same_length,MR_2016_067,-0.012676719349457133
random_same_length,MR_2016_067,-0.02113856434103667
random_same_length,MR_2016_067,-0.04800734623283898
random_same_length,MR_2016_067,-0.09603541776714752
random_same_length,MR_2016_067,-0.008707517542448917
random_same_length,MR_2016_067,-0.04207468782753654
random_same_length,MR_2016_067,-0.02919509685304522
random_same_length,MR_2016_067,-0.0025599281246148076
random_same_length,MR_2016_067,-0.03916637343635032
mercury_retrograde,MR_2016_068,-0.021277139019691638
random_same_length,MR_2016_068,-0.06478757856839223
random_same_length,MR_2016_068,-0.025225834926902224
random_same_length,MR_2016_068,-0.08539400146993592
random_same_length,MR_2016_068,-0.006355361156555994
random_same_length,MR_2016_068,-0.07668672490943962
random_same_length,MR_2016_068,-0.02060161215521128
random_same_length,MR_2016_068,-0.005051568068462853
random_same_length,MR_2016_068,-0.009886764754085564
random_same_length,MR_2016_068,-0.003524487622672101
random_same_length,MR_2016_068,-0.019849726198527207
random_same_length,MR_2016_068,-0.0366300416506089
random_same_length,MR_2016_068,-0.00872667775248992
random_same_length,MR_2016_068,-0.028819473359129044
random_same_length,MR_2016_068,-0.0144936954338728
random_same_length,MR_2016_068,-0.02496934847918364
random_same_length,MR_2016_068,-0.039174005959179414
random_same_length,MR_2016_068,-0.017075472648679924
random_same_length,MR_2016_068,-0.04132773701092374
random_same_length,MR_2016_068,-0.01874937888421624
random_same_length,MR_2016_068,-0.022846048316174428
mercury_retrograde,MR_2016_069,-0.02776607217070637
random_same_length,MR_2016_069,-0.06196893672083359
random_same_length,MR_2016_069,-0.031202111245658082
random_same_length,MR_2016_069,-0.008692762624289974
random_same_length,MR_2016_069,-0.017168608004767938
random_same_length,MR_2016_069,-0.04081295919400363
random_same_length,MR_2016_069,-0.017886815533049605
random_same_length,MR_2016_069,-0.01632786108615536
random_same_length,MR_2016_069,-0.054426862680349686
random_same_length,MR_2016_069,-0.0729576321910187
random_same_length,MR_2016_069,-0.009354426551109074
random_same_length,MR_2016_069,-0.009466671174774177
random_same_length,MR_2016_069,-0.042293023571854604
random_same_length,MR_2016_069,-0.1045534615589171
random_same_length,MR_2016_069,-0.0689562287158153
random_same_length,MR_2016_069,-0.02366266361565439
random_same_length,MR_2016_069,-0.01739421813759956
random_same_length,MR_2016_069,-0.06601887799934181
random_same_length,MR_2016_069,-0.015273682537332411
random_same_length,MR_2016_069,-0.015877250249970554
random_same_length,MR_2016_069,-0.04413924849814055
mercury_retrograde,MR_2016_070,-0.014061341358535095
random_same_length,MR_2016_070,-0.01330043475723619
random_same_length,MR_2016_070,-0.010344584102318533
random_same_length,MR_2016_070,-0.008507817120047334
random_same_length,MR_2016_070,-0.024085039183901924
random_same_length,MR_2016_070,-0.011482616922382172
random_same_length,MR_2016_070,-0.03789111860375716
random_same_length,MR_2016_070,-0.028056457884939934
random_same_length,MR_2016_070,-0.03629523642624566
random_same_length,MR_2016_070,-0.03582996088290591
random_same_length,MR_2016_070,-0.018316900753418297
random_same_length,MR_2016_070,-0.039209498147412924
random_same_length,MR_2016_070,-0.11177936803036992
random_same_length,MR_2016_070,-0.024753015810120127
random_same_length,MR_2016_070,-0.022337423560165104
random_same_length,MR_2016_070,-0.026358996192657358
random_same_length,MR_2016_070,-0.003708760911961373
random_same_length,MR_2016_070,-0.010844236813913999
random_same_length,MR_2016_070,-0.03133417763098534
random_same_length,MR_2016_070,-0.023584276873189647
random_same_length,MR_2016_070,-0.0074222665609654515
mercury_retrograde,MR_2017_071,-0.010549022345311188
random_same_length,MR_2017_071,-0.013533786415900972
random_same_length,MR_2017_071,-0.08448697916213344
random_same_length,MR_2017_071,-0.01478752373022263
random_same_length,MR_2017_071,-0.021630229836194337
random_same_length,MR_2017_071,-0.050602736320296215
random_same_length,MR_2017_071,-0.025285211102304528
random_same_length,MR_2017_071,-0.014799936551350257
random_same_length,MR_2017_071,-0.045993385451217006
random_same_length,MR_2017_071,-0.004647207133538389
random_same_length,MR_2017_071,-0.023393589408678528
random_same_length,MR_2017_071,-0.047620368324897355
random_same_length,MR_2017_071,-0.015130176804975526
random_same_length,MR_2017_071,-0.05149606696688258
random_same_length,MR_2017_071,-0.003919344949506964
random_same_length,MR_2017_071,-0.009307883608932754
random_same_length,MR_2017_071,-0.05985739946907853
random_same_length,MR_2017_071,-0.009354426551109074
random_same_length,MR_2017_071,-0.25884596484915945
random_same_length,MR_2017_071,-0.030560141808210095
random_same_length,MR_2017_071,-0.01618334772503227
mercury_retrograde,MR_2017_072,-0.01724398699465124
random_same_length,MR_2017_072,-0.011547118478160368
random_same_length,MR_2017_072,-0.045196382259287016
random_same_length,MR_2017_072,-0.04765686730377161
random_same_length,MR_2017_072,-0.012454371867771763
random_same_length,MR_2017_072,-0.07541372470186514
random_same_length,MR_2017_072,-0.010818532028197159
random_same_length,MR_2017_072,-0.04092996031210072
random_same_length,MR_2017_072,-0.008274894412167333
random_same_length,MR_2017_072,-0.02845764936856876
random_same_length,MR_2017_072,-0.00689910050906084
random_same_length,MR_2017_072,-0.04334403799778086
random_same_length,MR_2017_072,-0.024096517032682008
random_same_length,MR_2017_072,-0.06287690053123285
random_same_length,MR_2017_072,-0.011338690794724937
random_same_length,MR_2017_072,-0.03974688279640848
random_same_length,MR_2017_072,-0.01089861037583828
random_same_length,MR_2017_072,-0.04622778922786808
random_same_length,MR_2017_072,-0.03133417763098534
random_same_length,MR_2017_072,-0.029747514485381488
random_same_length,MR_2017_072,-0.009089886508104383
mercury_retrograde,MR_2017_073,-0.004541890976105134
random_same_length,MR_2017_073,-0.015924124746097168
random_same_length,MR_2017_073,-0.017852526697772375
random_same_length,MR_2017_073,-0.046580491506196475
random_same_length,MR_2017_073,-0.037295524434246996
random_same_length,MR_2017_073,-0.046733034675477514
random_same_length,MR_2017_073,-0.028297056397509013
random_same_length,MR_2017_073,-0.016148008377126266
random_same_length,MR_2017_073,-0.020288612715960386
random_same_length,MR_2017_073,-0.036670805943343154
random_same_length,MR_2017_073,-0.01874937888421624
random_same_length,MR_2017_073,-0.02884987225389324
random_same_length,MR_2017_073,-0.02103641903471065
random_same_length,MR_2017_073,-0.019800752082578588
random_same_length,MR_2017_073,-0.10101656317130148
random_same_length,MR_2017_073,-0.010430684796277734
random_same_length,MR_2017_073,-0.026976789825357006
random_same_length,MR_2017_073,-0.03965843646594569
random_same_length,MR_2017_073,-0.04278974468970964
random_same_length,MR_2017_073,-0.021990839745759216
random_same_length,MR_2017_073,-0.05566614382830304
mercury_retrograde,MR_2018_074,-0.028839090710148896
random_same_length,MR_2018_074,-0.030228842573324477
random_same_length,MR_2018_074,-0.017252805484781364
random_same_length,MR_2018_074,-0.07029355717345498
random_same_length,MR_2018_074,-0.010138945349836836
random_same_length,MR_2018_074,-0.040282622915956856
random_same_length,MR_2018_074,-0.01826842528834005
random_same_length,MR_2018_074,-0.04131316703204768
random_same_length,MR_2018_074,-0.013547394818159253
random_same_length,MR_2018_074,-0.041125690875091436
random_same_length,MR_2018_074,-0.03750183420703401
random_same_length,MR_2018_074,-0.04281031305165772
random_same_length,MR_2018_074,-0.005254535631502799
random_same_length,MR_2018_074,-0.05565791042037227
random_same_length,MR_2018_074,-0.04571763886051128
random_same_length,MR_2018_074,-0.015207468237571131
random_same_length,MR_2018_074,-0.02434321296950326
random_same_length,MR_2018_074,-0.0885232948554232
random_same_length,MR_2018_074,-0.013956277330703482
random_same_length,MR_2018_074,-0.03918343490805143
random_same_length,MR_2018_074,-0.0494260442027451
mercury_retrograde,MR_2018_075,-0.01402152728542383
random_same_length,MR_2018_075,-0.06632384549346182
random_same_length,MR_2018_075,-0.003996693858855815
random_same_length,MR_2018_075,-0.011790029279751812
random_same_length,MR_2018_075,-0.03960396039603964
random_same_length,MR_2018_075,-0.09823535579794562
random_same_length,MR_2018_075,-0.08310541561411555
random_same_length,MR_2018_075,-0.06633049886669318
random_same_length,MR_2018_075,-0.011211550155369898
random_same_length,MR_2018_075,-0.0067044584580718825
random_same_length,MR_2018_075,-0.006070216944686235
random_same_length,MR_2018_075,-0.010176743821595058
random_same_length,MR_2018_075,-0.11202543976082402
random_same_length,MR_2018_075,-0.02533416966357671
random_same_length,MR_2018_075,-0.021586593129171328
random_same_length,MR_2018_075,-0.07436182216037002
random_same_length,MR_2018_075,-0.0461568024228135
random_same_length,MR_2018_075,-0.03876525695369715
random_same_length,MR_2018_075,-0.013675504972140873
random_same_length,MR_2018_075,-0.035141303570489835
random_same_length,MR_2018_075,-0.040060495837450305
mercury_retrograde,MR_2018_076,-0.05636888027636899
random_same_length,MR_2018_076,-0.11177936803036992
random_same_length,MR_2018_076,-0.04805331126687984
random_same_length,MR_2018_076,-0.03282950607363122
random_same_length,MR_2018_076,-0.021630229836194337
random_same_length,MR_2018_076,-0.027157022127330843
random_same_length,MR_2018_076,-0.02688632712838812
random_same_length,MR_2018_076,-0.015356479123556976
random_same_length,MR_2018_076,-0.06638671104751048
random_same_length,MR_2018_076,-0.0845981198535265
random_same_length,MR_2018_076,-0.010877178995741477
random_same_length,MR_2018_076,-0.021586593129171328
random_same_length,MR_2018_076,-0.013027896680447348
random_same_length,MR_2018_076,-0.029132669988946813
random_same_length,MR_2018_076,-0.014567322230043311
random_same_length,MR_2018_076,-0.09145564223054492
random_same_length,MR_2018_076,-0.01137419991369426
random_same_length,MR_2018_076,-0.013136009612691457
random_same_length,MR_2018_076,-0.04482817616372747
random_same_length,MR_2018_076,-0.028819473359129044
random_same_length,MR_2018_076,-0.05619264509000199
mercury_retrograde,MR_2019_077,-0.019797601899434136
random_same_length,MR_2019_077,-0.07213192038927208
random_same_length,MR_2019_077,-0.011967775623782595
random_same_length,MR_2019_077,-0.0383656913192717
random_same_length,MR_2019_077,-0.05028717640669278
random_same_length,MR_2019_077,-0.018276154170531522
random_same_length,MR_2019_077,-0.07029355717345498
random_same_length,MR_2019_077,-0.029747514485381488
random_same_length,MR_2019_077,-0.04453920235307307
random_same_length,MR_2019_077,-0.0018746435256854488
random_same_length,MR_2019_077,-0.054768778292354936
random_same_length,MR_2019_077,-0.06865683637945197
random_same_length,MR_2019_077,-0.001540367408091492
random_same_length,MR_2019_077,-0.020390749517536166
random_same_length,MR_2019_077,-0.04930439730854497
random_same_length,MR_2019_077,-0.018433995017951954
random_same_length,MR_2019_077,-0.036760488293032356
random_same_length,MR_2019_077,-0.015165359247206966
random_same_length,MR_2019_077,-0.0067044584580718825
random_same_length,MR_2019_077,-0.005859880503598425
random_same_length,MR_2019_077,-0.010844236813913999
mercury_retrograde,MR_2019_078,-0.023894048720489836
random_same_length,MR_2019_078,-0.017233475202623416
random_same_length,MR_2019_078,-0.08448697916213344
random_same_length,MR_2019_078,-0.09800678425063514
random_same_length,MR_2019_078,-0.05254871416349416
random_same_length,MR_2019_078,-0.03907996866614838
random_same_length,MR_2019_078,-0.012145015629135836
random_same_length,MR_2019_078,-0.003884981383271535
random_same_length,MR_2019_078,-0.017733277845877526
random_same_length,MR_2019_078,-0.08494777840575307
random_same_length,MR_2019_078,-0.012271804335370673
random_same_length,MR_2019_078,-0.020150954880819083
random_same_length,MR_2019_078,-0.04022590812113669
random_same_length,MR_2019_078,-0.09603541776714752
random_same_length,MR_2019_078,-0.00649839809746755
random_same_length,MR_2019_078,-0.04987998295379603
random_same_length,MR_2019_078,-0.07516021665338757
random_same_length,MR_2019_078,-0.023508472049782347
random_same_length,MR_2019_078,-0.019797601899434136
random_same_length,MR_2019_078,-0.048896242104240595
random_same_length,MR_2019_078,-0.00926595136201136
mercury_retrograde,MR_2019_079,-0.005922425492665528
random_same_length,MR_2019_079,-0.015471200758129688
random_same_length,MR_2019_079,-0.024493503698714947
random_same_length,MR_2019_079,-0.024112927399144835
random_same_length,MR_2019_079,-0.04345038606674656
random_same_length,MR_2019_079,-0.03259253479594537
random_same_length,MR_2019_079,-0.054426862680349686
random_same_length,MR_2019_079,-0.014025742081176018
random_same_length,MR_2019_079,-0.014460549823692381
random_same_length,MR_2019_079,-0.012712042720213645
random_same_length,MR_2019_079,-0.03424568164593966
random_same_length,MR_2019_079,-0.012201384460034048
random_same_length,MR_2019_079,-0.04181757110501738
random_same_length,MR_2019_079,-0.005183153157965359
random_same_length,MR_2019_079,-0.039038220257288425
random_same_length,MR_2019_079,-0.0314975837963517
random_same_length,MR_2019_079,-0.024564342132025296
random_same_length,MR_2019_079,-0.022363878081596122
random_same_length,MR_2019_079,-0.025825839389640448
random_same_length,MR_2019_079,-0.09659153560801559
random_same_length,MR_2019_079,-0.01399583929637016
mercury_retrograde,MR_2020_080,-0.18888409024872255
random_same_length,MR_2020_080,-0.02919509685304522
random_same_length,MR_2020_080,-0.04058442042819266
random_same_length,MR_2020_080,-0.03566617081463286
random_same_length,MR_2020_080,-0.07175867040633288
random_same_length,MR_2020_080,-0.049451481498734906
random_same_length,MR_2020_080,-0.009554473518865292
random_same_length,MR_2020_080,-0.07446903237148794
random_same_length,MR_2020_080,-0.022343403601977396
random_same_length,MR_2020_080,-0.028672688709712735
random_same_length,MR_2020_080,-0.02533416966357671
random_same_length,MR_2020_080,-0.03854689904443476
random_same_length,MR_2020_080,-0.008507817120047334
random_same_length,MR_2020_080,-0.00625048752677404
random_same_length,MR_2020_080,-0.009422061704984941
random_same_length,MR_2020_080,-0.013244334755284748
random_same_length,MR_2020_080,-0.030349020661095127
random_same_length,MR_2020_080,-0.08258462405631806
random_same_length,MR_2020_080,-0.004616814248272094
random_same_length,MR_2020_080,-0.013554465836267626
random_same_length,MR_2020_080,-0.02167813413122599
mercury_retrograde,MR_2020_081,-0.039038220257288425
random_same_length,MR_2020_081,-0.013216191819584444
random_same_length,MR_2020_081,-0.036670805943343154
random_same_length,MR_2020_081,-0.01912643951129467
random_same_length,MR_2020_081,-0.009554473518865292
random_same_length,MR_2020_081,-0.03538445141968316
random_same_length,MR_2020_081,-0.01728970237438865
random_same_length,MR_2020_081,-0.045361489038858505
random_same_length,MR_2020_081,-0.03768874566129976
random_same_length,MR_2020_081,-0.07062974530032873
random_same_length,MR_2020_081,-0.021655273744092485
random_same_length,MR_2020_081,-0.04547443585842015
random_same_length,MR_2020_081,-0.04358680458821507
random_same_length,MR_2020_081,-0.09049446121168392
random_same_length,MR_2020_081,-0.015409635268133548
random_same_length,MR_2020_081,-0.023024256682560473
random_same_length,MR_2020_081,-0.02116080416377386
random_same_length,MR_2020_081,-0.019162024044093506
random_same_length,MR_2020_081,-0.015986873673967117
random_same_length,MR_2020_081,-0.012183828060235546
random_same_length,MR_2020_081,-0.025821825694385292
mercury_retrograde,MR_2020_082,-0.061383971588442776
random_same_length,MR_2020_082,-0.021990839745759216
random_same_length,MR_2020_082,-0.012271804335370673
random_same_length,MR_2020_082,-0.014684266911006771
random_same_length,MR_2020_082,-0.020862935110879
random_same_length,MR_2020_082,-0.07867293096664896
random_same_length,MR_2020_082,-0.018961015780270096
random_same_length,MR_2020_082,-0.018629011295335673
random_same_length,MR_2020_082,-0.009307883608932754
random_same_length,MR_2020_082,-0.023243877980356764
random_same_length,MR_2020_082,-0.027903878948492555
random_same_length,MR_2020_082,-0.01863441292786494
random_same_length,MR_2020_082,-0.045148460049989736
random_same_length,MR_2020_082,-0.023234237437948835
random_same_length,MR_2020_082,-0.01154320266205866
random_same_length,MR_2020_082,-0.09750336795716619
random_same_length,MR_2020_082,-0.05198852866366488
random_same_length,MR_2020_082,-0.030349020661095127
random_same_length,MR_2020_082,-0.010944667736138669
random_same_length,MR_2020_082,-0.026845291056333154
random_same_length,MR_2020_082,-0.03326387926738983
mercury_retrograde,MR_2021_083,-0.0071464629041616545
random_same_length,MR_2021_083,-0.022314338384895493
random_same_length,MR_2021_083,-0.008366263365449322
random_same_length,MR_2021_083,-0.13852577277513412
random_same_length,MR_2021_083,-0.037587980135401655
random_same_length,MR_2021_083,-0.03666264256401586
random_same_length,MR_2021_083,-0.01946852724251702
random_same_length,MR_2021_083,-0.030984714147379355
random_same_length,MR_2021_083,-0.011509507575225841
random_same_length,MR_2021_083,-0.019627864438468867
random_same_length,MR_2021_083,-0.021383406163756224
random_same_length,MR_2021_083,-0.08365451747731723
random_same_length,MR_2021_083,-0.013891616055218159
random_same_length,MR_2021_083,-0.03166933629499635
random_same_length,MR_2021_083,-0.0033804153149811222
random_same_length,MR_2021_083,-0.020526088706524837
random_same_length,MR_2021_083,-0.038367600550910264
random_same_length,MR_2021_083,-0.028768596622478992
random_same_length,MR_2021_083,-0.045993385451217006
random_same_length,MR_2021_083,-0.01207278294761116
random_same_length,MR_2021_083,-0.03844463868784076
mercury_retrograde,MR_2021_084,-0.02084526022982036
random_same_length,MR_2021_084,-0.010844236813913999
random_same_length,MR_2021_084,-0.007378510346287226
random_same_length,MR_2021_084,-0.0462298742808438
random_same_length,MR_2021_084,-0.07867293096664896
random_same_length,MR_2021_084,-0.020895137050193635
random_same_length,MR_2021_084,-0.031484349664599676
random_same_length,MR_2021_084,-0.015273682537332411
random_same_length,MR_2021_084,-0.014893039628358085
random_same_length,MR_2021_084,-0.07109312462694073
random_same_length,MR_2021_084,-0.004616814248272094
random_same_length,MR_2021_084,-0.05636888027636899
random_same_length,MR_2021_084,-0.033043682944963404
random_same_length,MR_2021_084,-0.014351527826801047
random_same_length,MR_2021_084,-0.06738650420612258
random_same_length,MR_2021_084,-0.01781564061913521
random_same_length,MR_2021_084,-0.017318565477532966
random_same_length,MR_2021_084,-0.061620553213329377
random_same_length,MR_2021_084,-0.07812989371773016
random_same_length,MR_2021_084,-0.014684266911006771
random_same_length,MR_2021_084,-0.0274830670741828
mercury_retrograde,MR_2021_085,-0.013533786415900972
random_same_length,MR_2021_085,-0.04236136085303088
random_same_length,MR_2021_085,-0.014301668210778717
random_same_length,MR_2021_085,-0.03177869701916469
random_same_length,MR_2021_085,-0.00663809511563529
random_same_length,MR_2021_085,-0.019053730815409065
random_same_length,MR_2021_085,-0.02090774493578873
random_same_length,MR_2021_085,-0.04883020989954945
random_same_length,MR_2021_085,-0.03957833877119821
random_same_length,MR_2021_085,-0.01329806373006881
random_same_length,MR_2021_085,-0.03650672143967415
random_same_length,MR_2021_085,-0.019797601899434136
random_same_length,MR_2021_085,-0.02077788695478977
random_same_length,MR_2021_085,-0.06334530378695402
random_same_length,MR_2021_085,-0.011533647696476135
random_same_length,MR_2021_085,-0.04342217114771585
random_same_length,MR_2021_085,-0.012880625830548498
random_same_length,MR_2021_085,-0.025455861398952617
random_same_length,MR_2021_085,-0.0588547386295466
random_same_length,MR_2021_085,-0.018112572801663895
random_same_length,MR_2021_085,-0.04599172914339322
mercury_retrograde,MR_2022_086,-0.07213192038927208
random_same_length,MR_2022_086,-0.015111457630998082
random_same_length,MR_2022_086,-0.015207747562421936
random_same_length,MR_2022_086,-0.021277139019691638
random_same_length,MR_2022_086,-0.03719444203862654
random_same_length,MR_2022_086,-0.03754789219553534
random_same_length,MR_2022_086,-0.04007689599411757
random_same_length,MR_2022_086,-0.017318565477532966
random_same_length,MR_2022_086,-0.040233491768095764
random_same_length,MR_2022_086,-0.08796093445729658
random_same_length,MR_2022_086,-0.0836758457628336
random_same_length,MR_2022_086,-0.042293023571854604
random_same_length,MR_2022_086,-0.04334403799778086
random_same_length,MR_2022_086,-0.019480089347185148
random_same_length,MR_2022_086,-0.0061519780340950625
random_same_length,MR_2022_086,-0.028938072429716466
random_same_length,MR_2022_086,-0.02876022543948964
random_same_length,MR_2022_086,-0.022937446575891696
random_same_length,MR_2022_086,-0.017161067548572606
random_same_length,MR_2022_086,-0.04621489902682585
random_same_length,MR_2022_086,-0.03634190768037393
mercury_retrograde,MR_2022_087,-0.045993385451217006
random_same_length,MR_2022_087,-0.09800678425063514
random_same_length,MR_2022_087,-0.04971035853072436
random_same_length,MR_2022_087,-0.03133417763098534
random_same_length,MR_2022_087,-0.006915771403868898
random_same_length,MR_2022_087,-0.08708650377310001
random_same_length,MR_2022_087,-0.012503712568661784
random_same_length,MR_2022_087,-0.011547118478160368
random_same_length,MR_2022_087,-0.05254871416349416
random_same_length,MR_2022_087,-0.0892952436107991
random_same_length,MR_2022_087,-0.04018438280930803
random_same_length,MR_2022_087,-0.045846816089114006
random_same_length,MR_2022_087,-0.025964870984571564
random_same_length,MR_2022_087,-0.010061679602712648
random_same_length,MR_2022_087,-0.07928737478787751
random_same_length,MR_2022_087,-0.030113501530670495
random_same_length,MR_2022_087,-0.007059870562045378
random_same_length,MR_2022_087,-0.015877250249970554
random_same_length,MR_2022_087,-0.016130843888965463
random_same_length,MR_2022_087,-0.008809464919820598
random_same_length,MR_2022_087,-0.05853977244899078
mercury_retrograde,MR_2022_088,-0.12767339976146697
random_same_length,MR_2022_088,-0.054478522338483715
random_same_length,MR_2022_088,-0.027349458371103252
random_same_length,MR_2022_088,-0.04278974468970964
random_same_length,MR_2022_088,-0.014252266979924988
random_same_length,MR_2022_088,-0.05200900285429044
random_same_length,MR_2022_088,-0.01327617420766547
random_same_length,MR_2022_088,-0.026020841069229084
random_same_length,MR_2022_088,-0.017839079110279044
random_same_length,MR_2022_088,-0.17470181473222446
random_same_length,MR_2022_088,-0.0023124993595549093
random_same_length,MR_2022_088,-0.01137419991369426
random_same_length,MR_2022_088,-0.046441265526410036
random_same_length,MR_2022_088,-0.022556874675647598
random_same_length,MR_2022_088,-0.011533647696476135
random_same_length,MR_2022_088,-0.0019925870761225983
random_same_length,MR_2022_088,-0.029747514485381488
random_same_length,MR_2022_088,-0.014799936551350257
random_same_length,MR_2022_088,-0.055814517915029005
random_same_length,MR_2022_088,-0.007245561388722899
random_same_length,MR_2022_088,-0.011149947134073246
mercury_retrograde,MR_2022_089,-0.02506569945445969
random_same_length,MR_2022_089,-0.013547394818159253
random_same_length,MR_2022_089,-0.07112519254449134
random_same_length,MR_2022_089,-0.016300924500208813
random_same_length,MR_2022_089,-0.013182771972194418
random_same_length,MR_2022_089,-0.0038996213232838084
random_same_length,MR_2022_089,-0.030483637073390857
random_same_length,MR_2022_089,-0.015877250249970554
random_same_length,MR_2022_089,-0.035141303570489835
random_same_length,MR_2022_089,-0.031202111245658082
random_same_length,MR_2022_089,-0.09655739208068914
random_same_length,MR_2022_089,-0.022047542553617072
random_same_length,MR_2022_089,-0.017839079110279044
random_same_length,MR_2022_089,-0.03778185970832004
random_same_length,MR_2022_089,-0.013956277330703482
random_same_length,MR_2022_089,-0.011560763746298108
random_same_length,MR_2022_089,-0.0282830349288975
random_same_length,MR_2022_089,-0.007988104862742484
random_same_length,MR_2022_089,-0.07516021665338757
random_same_length,MR_2022_089,-0.007781394120807694
random_same_length,MR_2022_089,-0.05595722354916799
mercury_retrograde,MR_2023_090,-0.025964870984571564
random_same_length,MR_2023_090,-0.034532796778794395
random_same_length,MR_2023_090,-0.013611849712022228
random_same_length,MR_2023_090,-0.011789589380565402
random_same_length,MR_2023_090,-0.009089886508104383
random_same_length,MR_2023_090,-0.007013043156751109
random_same_length,MR_2023_090,-0.08796093445729658
random_same_length,MR_2023_090,-0.06675862271211752
random_same_length,MR_2023_090,-0.007301477592359662
random_same_length,MR_2023_090,-0.051898226752040255
random_same_length,MR_2023_090,-0.01402152728542383
random_same_length,MR_2023_090,-0.020932674991784195
random_same_length,MR_2023_090,-0.017820359417265452
random_same_length,MR_2023_090,-0.017075472648679924
random_same_length,MR_2023_090,-0.04194962118841428
random_same_length,MR_2023_090,-0.011243374932648043
random_same_length,MR_2023_090,-0.017168608004767938
random_same_length,MR_2023_090,-0.023750503295482117
random_same_length,MR_2023_090,-0.05650782015768163
random_same_length,MR_2023_090,-0.010823130159869354
random_same_length,MR_2023_090,-0.0301217276174226
mercury_retrograde,MR_2023_091,-0.0144936954338728
random_same_length,MR_2023_091,-0.019076555835335074
random_same_length,MR_2023_091,-0.00383619853706596
random_same_length,MR_2023_091,-0.03481870365409789
random_same_length,MR_2023_091,-0.05132935056289201
random_same_length,MR_2023_091,-0.049329871695442784
random_same_length,MR_2023_091,-0.02429099170073379
random_same_length,MR_2023_091,-0.008463754031789561
random_same_length,MR_2023_091,-0.04221799507147117
random_same_length,MR_2023_091,-0.06865683637945197
random_same_length,MR_2023_091,-0.01739421813759956
random_same_length,MR_2023_091,-0.08991670337268753
random_same_length,MR_2023_091,-0.011584540717172742
random_same_length,MR_2023_091,-0.05687387131476063
random_same_length,MR_2023_091,-0.028819473359129044
random_same_length,MR_2023_091,-0.05767796135004011
random_same_length,MR_2023_091,-0.0067044584580718825
random_same_length,MR_2023_091,-0.03402791822279749
random_same_length,MR_2023_091,-0.05260580794497827
random_same_length,MR_2023_091,-0.050896877122941886
random_same_length,MR_2023_091,-0.01946852724251702
mercury_retrograde,MR_2023_092,-0.014684266911006771
random_same_length,MR_2023_092,-0.017252805484781364
random_same_length,MR_2023_092,-0.1131505252476267
random_same_length,MR_2023_092,-0.013216191819584444
random_same_length,MR_2023_092,-0.03251195148816344
random_same_length,MR_2023_092,-0.019797601899434136
random_same_length,MR_2023_092,-0.008274894412167333
random_same_length,MR_2023_092,-0.04018438280930803
random_same_length,MR_2023_092,-0.031663426854218635
random_same_length,MR_2023_092,-0.030578067382114438
random_same_length,MR_2023_092,-0.02979253549421801
random_same_length,MR_2023_092,-0.010400860034838644
random_same_length,MR_2023_092,-0.02178342845217529
random_same_length,MR_2023_092,-0.04765686730377161
random_same_length,MR_2023_092,-0.03716124221346051
random_same_length,MR_2023_092,-0.06808001122847407
random_same_length,MR_2023_092,-0.0226005633435441
random_same_length,MR_2023_092,-0.004622514018134627
random_same_length,MR_2023_092,-0.022188835885479596
random_same_length,MR_2023_092,-0.011145426658350721
random_same_length,MR_2023_092,-0.03729491232431581
mercury_retrograde,MR_2024_093,-0.046869559937982586
random_same_length,MR_2024_093,-0.02113856434103667
random_same_length,MR_2024_093,-0.022123404781349332
random_same_length,MR_2024_093,-0.018433995017951954
random_same_length,MR_2024_093,-0.008561024934316985
random_same_length,MR_2024_093,-0.027349458371103252
random_same_length,MR_2024_093,-0.008988392160571124
random_same_length,MR_2024_093,-0.06062814419767193
random_same_length,MR_2024_093,-0.0124780022540123
random_same_length,MR_2024_093,-0.025395828172880552
random_same_length,MR_2024_093,-0.030349020661095127
random_same_length,MR_2024_093,-0.06196893672083359
random_same_length,MR_2024_093,-0.04037354268466642
random_same_length,MR_2024_093,-0.054426862680349686
random_same_length,MR_2024_093,-0.07165818413466718
random_same_length,MR_2024_093,-0.023975547977930334
random_same_length,MR_2024_093,-0.040282622915956856
random_same_length,MR_2024_093,-0.005646554258917136
random_same_length,MR_2024_093,-0.020932674991784195
random_same_length,MR_2024_093,-0.05930709940708967
random_same_length,MR_2024_093,-0.003524487622672101
mercury_retrograde,MR_2024_094,-0.008932805548120926
random_same_length,MR_2024_094,-0.036670805943343154
random_same_length,MR_2024_094,-0.03309457209194544
random_same_length,MR_2024_094,-0.026474996109868476
random_same_length,MR_2024_094,-0.014643046235484514
random_same_length,MR_2024_094,-0.03998541909316389
random_same_length,MR_2024_094,-0.025325355950978734
random_same_length,MR_2024_094,-0.0067044584580718825
random_same_length,MR_2024_094,-0.06002659384059961
random_same_length,MR_2024_094,-0.02533416966357671
random_same_length,MR_2024_094,-0.019797601899434136
random_same_length,MR_2024_094,-0.01596146988838787
random_same_length,MR_2024_094,-0.04571763886051128
random_same_length,MR_2024_094,-0.018176587316721893
random_same_length,MR_2024_094,-0.008763028841120457
random_same_length,MR_2024_094,-0.04760614538278096
random_same_length,MR_2024_094,-0.012183828060235546
random_same_length,MR_2024_094,-0.0672609923434967
random_same_length,MR_2024_094,-0.023508472049782347
random_same_length,MR_2024_094,-0.003972484039719171
random_same_length,MR_2024_094,-0.016130843888965463
mercury_retrograde,MR_2024_095,-0.009089886508104383
random_same_length,MR_2024_095,-0.013547394818159253
random_same_length,MR_2024_095,-0.021990839745759216
random_same_length,MR_2024_095,-0.020508809597612254
random_same_length,MR_2024_095,-0.028768596622478992
random_same_length,MR_2024_095,-0.01401880221900409
random_same_length,MR_2024_095,-0.00759532145355013
random_same_length,MR_2024_095,-0.016416205660988892
random_same_length,MR_2024_095,-0.03371926795633584
random_same_length,MR_2024_095,-0.038385655305717914
random_same_length,MR_2024_095,-0.1045534615589171
random_same_length,MR_2024_095,-0.024096517032682008
random_same_length,MR_2024_095,-0.09926563619040196
random_same_length,MR_2024_095,-0.027953162624766326
random_same_length,MR_2024_095,-0.016515673781137163
random_same_length,MR_2024_095,-0.04132773701092374
random_same_length,MR_2024_095,-0.02069680877740654
random_same_length,MR_2024_095,-0.016983710125924922
random_same_length,MR_2024_095,-0.016347313992415624
random_same_length,MR_2024_095,-0.015889251056401266
random_same_length,MR_2024_095,-0.013611849712022228
mercury_retrograde,MR_2025_096,-0.12367027852144852
random_same_length,MR_2025_096,-0.052714617940653685
random_same_length,MR_2025_096,-0.0672151380201561
random_same_length,MR_2025_096,-0.003038961131093032
random_same_length,MR_2025_096,-0.024112927399144835
random_same_length,MR_2025_096,-0.021586593129171328
random_same_length,MR_2025_096,-0.08991670337268753
random_same_length,MR_2025_096,-0.03309457209194544
random_same_length,MR_2025_096,-0.06576000317941222
random_same_length,MR_2025_096,-0.038811701806393484
random_same_length,MR_2025_096,-0.007136769710032631
random_same_length,MR_2025_096,-0.01766850533955633
random_same_length,MR_2025_096,-0.046441265526410036
random_same_length,MR_2025_096,-0.008809464919820598
random_same_length,MR_2025_096,-0.045412806815820606
random_same_length,MR_2025_096,-0.021126498684701733
random_same_length,MR_2025_096,-0.003550567117658776
random_same_length,MR_2025_096,-0.0235042976526032
random_same_length,MR_2025_096,-0.0885232948554232
random_same_length,MR_2025_096,-0.13147350607691355
random_same_length,MR_2025_096,-0.11177936803036992
mercury_retrograde,MR_2025_097,-0.023750503295482117
random_same_length,MR_2025_097,-0.013956277330703482
random_same_length,MR_2025_097,-0.05198852866366488
random_same_length,MR_2025_097,-0.01912643951129467
random_same_length,MR_2025_097,-0.0295942806915922
random_same_length,MR_2025_097,-0.04181757110501738
random_same_length,MR_2025_097,-0.03666264256401586
random_same_length,MR_2025_097,-0.018112572801663895
random_same_length,MR_2025_097,-0.035733330582817135
random_same_length,MR_2025_097,-0.03963969734188744
random_same_length,MR_2025_097,-0.024909419458380988
random_same_length,MR_2025_097,-0.09800678425063514
random_same_length,MR_2025_097,-0.03694593720846051
random_same_length,MR_2025_097,-0.042278854262786325
random_same_length,MR_2025_097,-0.02178342845217529
random_same_length,MR_2025_097,-0.02457156312001063
random_same_length,MR_2025_097,-0.04899259019603164
random_same_length,MR_2025_097,-0.014643046235484514
random_same_length,MR_2025_097,-0.0462227409499657
random_same_length,MR_2025_097,-0.020288612715960386
random_same_length,MR_2025_097,-0.05087280103838632
mercury_retrograde,MR_2025_098,-0.045564706610169536
random_same_length,MR_2025_098,-0.03800112630708408
random_same_length,MR_2025_098,-0.030672068521988782
random_same_length,MR_2025_098,-0.045993385451217006
random_same_length,MR_2025_098,-0.02533416966357671
random_same_length,MR_2025_098,-0.005280026754758582
random_same_length,MR_2025_098,-0.1000384271479785
random_same_length,MR_2025_098,-0.021021421793327222
random_same_length,MR_2025_098,-0.061186188179737755
random_same_length,MR_2025_098,-0.003996693858855815
random_same_length,MR_2025_098,-0.00917686075463342
random_same_length,MR_2025_098,-0.0144936954338728
random_same_length,MR_2025_098,-0.05761260668967605
random_same_length,MR_2025_098,-0.03716124221346051
random_same_length,MR_2025_098,-0.015962715931620908
random_same_length,MR_2025_098,-0.011296379879250695
random_same_length,MR_2025_098,-0.07727863397698198
random_same_length,MR_2025_098,-0.16770014967684976
random_same_length,MR_2025_098,-0.05304829262904187
random_same_length,MR_2025_098,-0.031609156726160825
random_same_length,MR_2025_098,-0.04853186435449708
mercury_retrograde,MR_2026_099,-0.054513345742785435
random_same_length,MR_2026_099,-0.01207278294761116
random_same_length,MR_2026_099,-0.026020841069229084
random_same_length,MR_2026_099,-0.02497401142049671
random_same_length,MR_2026_099,-0.0044043954214108005
random_same_length,MR_2026_099,-0.007969132154236114
random_same_length,MR_2026_099,-0.04971035853072436
random_same_length,MR_2026_099,-0.007148935149106084
random_same_length,MR_2026_099,-0.019483795435924156
random_same_length,MR_2026_099,-0.01207278294761116
random_same_length,MR_2026_099,-0.015165359247206966
random_same_length,MR_2026_099,-0.009461426491994218
random_same_length,MR_2026_099,-0.008083839306732843
random_same_length,MR_2026_099,-0.021277139019691638
random_same_length,MR_2026_099,-0.025195758118519596
random_same_length,MR_2026_099,-0.0285730987959103
random_same_length,MR_2026_099,-0.008366263365449322
random_same_length,MR_2026_099,-0.01137419991369426
random_same_length,MR_2026_099,-0.041609363892517015
random_same_length,MR_2026_099,-0.019076555835335074
random_same_length,MR_2026_099,-0.019162024044093506
